-- MySQL dump 10.13  Distrib 5.5.31, for debian-linux-gnu (x86_64)
--
-- Host: localhost    Database: maheshwari
-- ------------------------------------------------------
-- Server version	5.5.31-0ubuntu0.12.04.1

/*!40101 SET @OLD_CHARACTER_SET_CLIENT=@@CHARACTER_SET_CLIENT */;
/*!40101 SET @OLD_CHARACTER_SET_RESULTS=@@CHARACTER_SET_RESULTS */;
/*!40101 SET @OLD_COLLATION_CONNECTION=@@COLLATION_CONNECTION */;
/*!40101 SET NAMES utf8 */;
/*!40103 SET @OLD_TIME_ZONE=@@TIME_ZONE */;
/*!40103 SET TIME_ZONE='+00:00' */;
/*!40014 SET @OLD_UNIQUE_CHECKS=@@UNIQUE_CHECKS, UNIQUE_CHECKS=0 */;
/*!40014 SET @OLD_FOREIGN_KEY_CHECKS=@@FOREIGN_KEY_CHECKS, FOREIGN_KEY_CHECKS=0 */;
/*!40101 SET @OLD_SQL_MODE=@@SQL_MODE, SQL_MODE='NO_AUTO_VALUE_ON_ZERO' */;
/*!40111 SET @OLD_SQL_NOTES=@@SQL_NOTES, SQL_NOTES=0 */;

--
-- Table structure for table `advertisements`
--

DROP TABLE IF EXISTS `advertisements`;
/*!40101 SET @saved_cs_client     = @@character_set_client */;
/*!40101 SET character_set_client = utf8 */;
CREATE TABLE `advertisements` (
  `id` int(11) NOT NULL AUTO_INCREMENT,
  `title` varchar(255) COLLATE utf8_unicode_ci DEFAULT NULL,
  `ad_file_name` varchar(255) COLLATE utf8_unicode_ci DEFAULT NULL,
  `ad_content_type` varchar(255) COLLATE utf8_unicode_ci DEFAULT NULL,
  `ad_file_size` int(11) DEFAULT NULL,
  `created_at` datetime NOT NULL,
  `updated_at` datetime NOT NULL,
  PRIMARY KEY (`id`)
) ENGINE=InnoDB AUTO_INCREMENT=10 DEFAULT CHARSET=utf8 COLLATE=utf8_unicode_ci;
/*!40101 SET character_set_client = @saved_cs_client */;

--
-- Dumping data for table `advertisements`
--

LOCK TABLES `advertisements` WRITE;
/*!40000 ALTER TABLE `advertisements` DISABLE KEYS */;
INSERT INTO `advertisements` VALUES (3,'Deccan Cements','index.jpeg','image/jpeg',8772,'2013-04-23 10:59:55','2013-04-23 10:59:55'),(4,'Coca Cola','coke.jpeg','image/jpeg',16732,'2013-04-27 12:11:50','2013-04-27 12:11:50'),(7,'Asian Paints','ap.jpg','image/jpeg',40479,'2013-04-27 12:15:57','2013-04-27 12:15:57'),(9,'MRF','mrf.jpg','image/jpeg',41537,'2013-04-27 12:21:07','2013-04-27 12:21:07');
/*!40000 ALTER TABLE `advertisements` ENABLE KEYS */;
UNLOCK TABLES;

--
-- Table structure for table `events`
--

DROP TABLE IF EXISTS `events`;
/*!40101 SET @saved_cs_client     = @@character_set_client */;
/*!40101 SET character_set_client = utf8 */;
CREATE TABLE `events` (
  `id` int(11) NOT NULL AUTO_INCREMENT,
  `title` varchar(255) COLLATE utf8_unicode_ci DEFAULT NULL,
  `content` text COLLATE utf8_unicode_ci,
  `created_at` datetime NOT NULL,
  `updated_at` datetime NOT NULL,
  PRIMARY KEY (`id`)
) ENGINE=InnoDB AUTO_INCREMENT=3 DEFAULT CHARSET=utf8 COLLATE=utf8_unicode_ci;
/*!40101 SET character_set_client = @saved_cs_client */;

--
-- Dumping data for table `events`
--

LOCK TABLES `events` WRITE;
/*!40000 ALTER TABLE `events` DISABLE KEYS */;
INSERT INTO `events` VALUES (2,'SALASAR MANDIR - JAGATGIRIGUTTA','DEAR MEMBERS,\r\n\r\nHANUMAN JAYANTI IS BEING CELEBRATED ON 24TH AND 25 TH OF APRIL.\r\n\r\nWE REQUEST YOU TO KINDLY MAKE YOURSELF AVAILABLE TO HAVE THE DARSHAN OF SALASAR BABA AND ALSO THE BHAJANS.\r\n\r\nHAVE A NICE DAY ','2013-04-09 17:05:11','2013-04-09 17:05:11');
/*!40000 ALTER TABLE `events` ENABLE KEYS */;
UNLOCK TABLES;

--
-- Table structure for table `family_members`
--

DROP TABLE IF EXISTS `family_members`;
/*!40101 SET @saved_cs_client     = @@character_set_client */;
/*!40101 SET character_set_client = utf8 */;
CREATE TABLE `family_members` (
  `id` int(11) NOT NULL AUTO_INCREMENT,
  `user_id` int(11) NOT NULL,
  `family_member_user_id` int(11) NOT NULL,
  `relationship` varchar(255) COLLATE utf8_unicode_ci DEFAULT NULL,
  `join_pending` tinyint(1) DEFAULT '1',
  `payment_status` tinyint(1) DEFAULT NULL,
  `created_at` datetime NOT NULL,
  `updated_at` datetime NOT NULL,
  `relation_id` int(11) NOT NULL,
  `deactivate` tinyint(1) DEFAULT '0',
  PRIMARY KEY (`id`),
  KEY `user_id_index` (`user_id`),
  KEY `index_on_fmuid` (`family_member_user_id`)
) ENGINE=InnoDB AUTO_INCREMENT=476 DEFAULT CHARSET=utf8 COLLATE=utf8_unicode_ci;
/*!40101 SET character_set_client = @saved_cs_client */;

--
-- Dumping data for table `family_members`
--

LOCK TABLES `family_members` WRITE;
/*!40000 ALTER TABLE `family_members` DISABLE KEYS */;
INSERT INTO `family_members` VALUES (10,2,13,NULL,0,NULL,'2013-03-15 14:34:02','2013-03-15 14:34:02',7,0),(11,2,14,NULL,0,NULL,'2013-03-15 14:34:23','2013-03-15 14:34:23',8,0),(12,2,23,NULL,0,NULL,'2013-03-15 14:34:50','2013-03-15 14:34:50',5,0),(15,2,24,NULL,0,NULL,'2013-03-15 14:52:45','2013-03-15 14:52:45',14,0),(16,2,21,NULL,0,NULL,'2013-03-15 14:53:00','2013-03-15 14:53:00',4,0),(17,2,20,NULL,0,NULL,'2013-03-15 14:53:14','2013-03-15 14:53:14',3,0),(18,2,7,NULL,0,NULL,'2013-03-15 14:54:30','2013-03-15 14:54:30',14,0),(29,2,22,NULL,0,NULL,'2013-03-16 05:34:24','2013-03-16 05:34:24',6,0),(34,2,19,NULL,0,NULL,'2013-03-29 13:35:02','2013-03-29 13:35:02',10,0),(35,2,29,NULL,0,NULL,'2013-03-29 13:35:36','2013-03-29 13:35:36',17,0),(36,2,18,NULL,0,NULL,'2013-03-29 13:36:36','2013-03-29 13:36:36',9,0),(37,2,30,NULL,0,NULL,'2013-03-29 13:37:02','2013-03-29 13:37:02',18,0),(48,2,50,NULL,0,NULL,'2013-03-29 16:26:51','2013-03-29 16:26:51',19,0),(49,2,51,NULL,0,NULL,'2013-03-29 16:27:10','2013-03-29 16:27:10',20,0),(50,2,54,NULL,0,NULL,'2013-03-29 16:27:33','2013-03-29 16:27:33',19,0),(51,2,55,NULL,0,NULL,'2013-03-29 16:27:48','2013-03-29 16:27:48',20,0),(52,2,52,NULL,0,NULL,'2013-03-29 16:28:01','2013-03-29 16:28:01',19,0),(53,2,53,NULL,0,NULL,'2013-03-29 16:28:15','2013-03-29 16:28:15',20,0),(54,2,42,NULL,0,NULL,'2013-03-29 16:28:36','2013-03-29 16:28:36',21,0),(55,2,43,NULL,0,NULL,'2013-03-29 16:28:57','2013-03-29 16:28:57',22,0),(56,2,44,NULL,0,NULL,'2013-03-29 16:29:17','2013-03-29 16:29:17',23,0),(57,2,45,NULL,0,NULL,'2013-03-29 16:29:30','2013-03-29 16:29:30',24,0),(58,2,46,NULL,0,NULL,'2013-03-29 16:29:49','2013-03-29 16:29:49',23,0),(59,2,47,NULL,0,NULL,'2013-03-29 16:30:00','2013-03-29 16:30:00',24,0),(60,2,48,NULL,0,NULL,'2013-03-29 16:30:22','2013-03-29 16:30:22',25,0),(61,2,49,NULL,0,NULL,'2013-03-29 16:30:34','2013-03-29 16:30:34',26,0),(62,2,56,NULL,0,NULL,'2013-03-29 16:31:45','2013-03-29 16:31:45',17,0),(63,2,57,NULL,0,NULL,'2013-03-29 16:32:09','2013-03-29 16:32:09',18,0),(64,2,58,NULL,0,NULL,'2013-03-29 16:32:24','2013-03-29 16:32:24',17,0),(65,2,59,NULL,0,NULL,'2013-03-29 16:32:38','2013-03-29 16:32:38',18,0),(66,2,41,NULL,0,NULL,'2013-03-29 16:37:28','2013-03-29 16:37:28',1,0),(67,2,61,NULL,0,NULL,'2013-03-30 04:35:58','2013-03-30 04:35:58',17,0),(68,2,62,NULL,0,NULL,'2013-03-30 04:36:16','2013-03-30 04:36:16',18,0),(69,2,63,NULL,0,NULL,'2013-03-30 04:43:42','2013-03-30 04:43:42',7,0),(70,2,64,NULL,0,NULL,'2013-03-30 04:43:55','2013-03-30 04:43:55',8,0),(269,50,311,NULL,0,NULL,'2013-04-22 07:08:07','2013-04-22 07:08:07',12,0),(270,50,51,NULL,0,NULL,'2013-04-22 07:09:05','2013-04-22 07:09:05',1,0),(271,312,311,NULL,0,NULL,'2013-04-22 07:14:19','2013-04-22 07:14:19',6,0),(272,312,50,NULL,0,NULL,'2013-04-22 07:14:34','2013-04-22 07:14:34',3,0),(273,312,51,NULL,0,NULL,'2013-04-22 07:14:53','2013-04-22 07:14:53',4,0),(274,313,312,NULL,0,NULL,'2013-04-22 07:23:14','2013-04-22 07:23:14',2,0),(275,312,313,NULL,0,NULL,'2013-04-22 07:25:04','2013-04-22 07:25:04',1,0),(276,315,50,NULL,0,NULL,'2013-04-22 07:45:04','2013-04-22 07:45:04',5,0),(277,315,51,NULL,0,NULL,'2013-04-22 07:45:23','2013-04-22 07:45:23',1,0),(278,51,311,NULL,0,NULL,'2013-04-22 07:47:05','2013-04-22 07:47:05',12,0),(279,51,315,NULL,0,NULL,'2013-04-22 07:47:30','2013-04-22 07:47:30',11,0),(280,51,50,NULL,0,NULL,'2013-04-22 07:48:15','2013-04-22 07:48:15',2,0),(281,315,311,NULL,0,NULL,'2013-04-22 07:49:22','2013-04-22 07:49:22',1,0),(282,315,312,NULL,0,NULL,'2013-04-22 07:50:23','2013-04-22 07:50:23',11,0),(283,315,313,NULL,0,NULL,'2013-04-22 07:50:41','2013-04-22 07:50:41',12,0),(284,44,42,NULL,0,NULL,'2013-04-23 16:23:51','2013-04-23 16:23:51',5,0),(285,44,43,NULL,0,NULL,'2013-04-23 16:24:17','2013-04-23 16:24:17',6,0),(286,44,45,NULL,0,NULL,'2013-04-23 16:25:08','2013-04-23 16:25:08',1,0),(287,44,46,NULL,0,NULL,'2013-04-23 16:25:29','2013-04-23 16:25:29',7,0),(288,44,47,NULL,0,NULL,'2013-04-23 16:25:56','2013-04-23 16:25:56',8,0),(289,44,318,NULL,0,NULL,'2013-04-23 17:05:49','2013-04-23 17:05:49',11,0),(290,318,319,NULL,0,NULL,'2013-04-23 17:14:20','2013-04-23 17:14:20',1,0),(291,44,319,NULL,0,NULL,'2013-04-23 17:14:40','2013-04-23 17:14:40',12,0),(292,318,320,NULL,0,NULL,'2013-04-23 17:14:44','2013-04-23 17:14:44',11,0),(293,318,44,NULL,0,NULL,'2013-04-23 17:15:18','2013-04-23 17:15:18',5,0),(294,318,45,NULL,0,NULL,'2013-04-23 17:16:05','2013-04-23 17:16:05',6,0),(295,318,46,NULL,0,NULL,'2013-04-23 17:16:33','2013-04-23 17:16:33',17,0),(296,318,47,NULL,0,NULL,'2013-04-23 17:17:14','2013-04-23 17:17:14',18,0),(297,318,42,NULL,0,NULL,'2013-04-23 17:17:53','2013-04-23 17:17:53',3,0),(298,318,43,NULL,0,NULL,'2013-04-23 17:18:17','2013-04-23 17:18:17',4,0),(299,318,23,NULL,0,NULL,'2013-04-23 17:20:12','2013-04-23 17:20:12',19,0),(300,318,22,NULL,0,NULL,'2013-04-23 17:20:31','2013-04-23 17:20:31',20,0),(301,318,48,NULL,0,NULL,'2013-04-23 17:21:03','2013-04-23 17:21:03',19,0),(302,318,49,NULL,0,NULL,'2013-04-23 17:21:18','2013-04-23 17:21:18',20,0),(303,42,43,NULL,0,NULL,'2013-04-24 03:14:46','2013-04-24 03:14:46',1,0),(304,42,44,NULL,0,NULL,'2013-04-24 03:15:11','2013-04-24 03:15:11',11,0),(305,42,45,NULL,0,NULL,'2013-04-24 03:15:27','2013-04-24 03:15:27',12,0),(306,42,46,NULL,0,NULL,'2013-04-24 03:15:44','2013-04-24 03:15:44',11,0),(307,42,47,NULL,0,NULL,'2013-04-24 03:15:59','2013-04-24 03:15:59',12,0),(308,42,23,NULL,0,NULL,'2013-04-24 03:17:46','2013-04-24 03:17:46',13,0),(309,42,22,NULL,0,NULL,'2013-04-24 03:18:01','2013-04-24 03:18:01',14,0),(310,42,48,NULL,0,NULL,'2013-04-24 03:18:32','2013-04-24 03:18:32',13,0),(311,42,49,NULL,0,NULL,'2013-04-24 03:18:43','2013-04-24 03:18:43',14,0),(312,23,13,NULL,0,NULL,'2013-04-24 03:22:31','2013-04-24 03:22:31',11,0),(313,23,14,NULL,0,NULL,'2013-04-24 03:22:47','2013-04-24 03:22:47',12,0),(314,23,2,NULL,0,NULL,'2013-04-24 03:23:12','2013-04-24 03:23:12',11,0),(315,23,41,NULL,0,NULL,'2013-04-24 03:23:28','2013-04-24 03:23:28',12,0),(316,23,63,NULL,0,NULL,'2013-04-24 03:24:25','2013-04-24 03:24:25',11,0),(317,23,64,NULL,0,NULL,'2013-04-24 03:24:40','2013-04-24 03:24:40',12,0),(318,23,22,NULL,0,NULL,'2013-04-24 03:25:13','2013-04-24 03:25:13',1,0),(319,23,20,NULL,0,NULL,'2013-04-24 03:25:39','2013-04-24 03:25:39',5,0),(320,23,21,NULL,0,NULL,'2013-04-24 03:25:55','2013-04-24 03:25:55',6,0),(321,23,50,NULL,0,NULL,'2013-04-24 03:28:31','2013-04-24 03:28:31',9,0),(322,23,51,NULL,0,NULL,'2013-04-24 03:28:44','2013-04-24 03:28:44',10,0),(323,23,54,NULL,0,NULL,'2013-04-24 03:31:24','2013-04-24 03:31:24',9,0),(324,23,55,NULL,0,NULL,'2013-04-24 03:31:45','2013-04-24 03:31:45',10,0),(325,23,52,NULL,0,NULL,'2013-04-24 03:32:27','2013-04-24 03:32:27',9,0),(326,23,53,NULL,0,NULL,'2013-04-24 03:32:39','2013-04-24 03:32:39',10,0),(327,23,18,NULL,0,NULL,'2013-04-24 03:48:33','2013-04-24 03:48:33',13,0),(328,23,19,NULL,0,NULL,'2013-04-24 03:48:55','2013-04-24 03:48:55',14,0),(329,21,20,NULL,0,NULL,'2013-04-25 14:00:08','2013-04-25 14:00:08',2,0),(331,63,13,NULL,0,NULL,'2013-04-25 14:04:12','2013-04-25 14:04:12',7,0),(332,63,14,NULL,0,NULL,'2013-04-25 14:04:25','2013-04-25 14:04:25',8,0),(333,63,2,NULL,0,NULL,'2013-04-25 14:04:37','2013-04-25 14:04:37',7,0),(334,63,41,NULL,0,NULL,'2013-04-25 14:04:49','2013-04-25 14:04:49',8,0),(335,63,20,NULL,0,NULL,'2013-04-25 14:05:01','2013-04-25 14:05:01',3,0),(336,63,21,NULL,0,NULL,'2013-04-25 14:05:13','2013-04-25 14:05:13',4,0),(338,63,22,NULL,0,NULL,'2013-04-25 14:05:52','2013-04-25 14:05:52',6,0),(339,63,23,NULL,0,NULL,'2013-04-25 14:06:03','2013-04-25 14:06:03',5,0),(340,63,64,NULL,0,NULL,'2013-04-25 14:06:32','2013-04-25 14:06:32',1,0),(341,63,42,NULL,0,NULL,'2013-04-25 14:07:47','2013-04-25 14:07:47',21,0),(342,63,43,NULL,0,NULL,'2013-04-25 14:08:02','2013-04-25 14:08:02',22,0),(343,63,44,NULL,0,NULL,'2013-04-25 14:08:16','2013-04-25 14:08:16',23,0),(344,63,45,NULL,0,NULL,'2013-04-25 14:08:26','2013-04-25 14:08:26',24,0),(345,63,46,NULL,0,NULL,'2013-04-25 14:08:36','2013-04-25 14:08:36',23,0),(346,63,47,NULL,0,NULL,'2013-04-25 14:08:45','2013-04-25 14:08:45',24,0),(347,63,48,NULL,0,NULL,'2013-04-25 14:09:22','2013-04-25 14:09:22',25,0),(348,63,49,NULL,0,NULL,'2013-04-25 14:09:31','2013-04-25 14:09:31',26,0),(349,63,18,NULL,0,NULL,'2013-04-25 14:10:36','2013-04-25 14:10:36',9,0),(350,63,19,NULL,0,NULL,'2013-04-25 14:10:50','2013-04-25 14:10:50',10,0),(351,13,14,NULL,0,NULL,'2013-04-25 14:13:19','2013-04-25 14:13:19',1,0),(352,13,2,NULL,0,NULL,'2013-04-25 14:13:34','2013-04-25 14:13:34',7,0),(353,13,41,NULL,0,NULL,'2013-04-25 14:13:47','2013-04-25 14:13:47',8,0),(354,13,63,NULL,0,NULL,'2013-04-25 14:13:59','2013-04-25 14:13:59',7,0),(355,13,64,NULL,0,NULL,'2013-04-25 14:14:13','2013-04-25 14:14:13',8,0),(356,13,18,NULL,0,NULL,'2013-04-25 14:14:41','2013-04-25 14:14:41',9,0),(357,13,19,NULL,0,NULL,'2013-04-25 14:14:52','2013-04-25 14:14:52',10,0),(358,13,20,NULL,0,NULL,'2013-04-25 14:15:11','2013-04-25 14:15:11',3,0),(359,13,21,NULL,0,NULL,'2013-04-25 14:15:19','2013-04-25 14:15:19',4,0),(360,13,22,NULL,0,NULL,'2013-04-25 14:15:52','2013-04-25 14:15:52',6,0),(361,13,23,NULL,0,NULL,'2013-04-25 14:16:13','2013-04-25 14:16:13',5,0),(362,13,42,NULL,0,NULL,'2013-04-25 14:16:29','2013-04-25 14:16:29',21,0),(363,13,43,NULL,0,NULL,'2013-04-25 14:16:41','2013-04-25 14:16:41',22,0),(364,13,44,NULL,0,NULL,'2013-04-25 14:16:57','2013-04-25 14:16:57',23,0),(365,13,45,NULL,0,NULL,'2013-04-25 14:17:08','2013-04-25 14:17:08',24,0),(366,13,46,NULL,0,NULL,'2013-04-25 14:17:21','2013-04-25 14:17:21',23,0),(367,13,47,NULL,0,NULL,'2013-04-25 14:17:32','2013-04-25 14:17:32',24,0),(368,13,48,NULL,0,NULL,'2013-04-25 14:17:47','2013-04-25 14:17:47',25,0),(369,13,49,NULL,0,NULL,'2013-04-25 14:17:56','2013-04-25 14:17:56',26,0),(370,18,19,NULL,0,NULL,'2013-04-25 14:23:25','2013-04-25 14:23:25',1,0),(371,19,18,NULL,0,NULL,'2013-04-25 14:24:37','2013-04-25 14:24:37',2,0),(372,19,20,NULL,0,NULL,'2013-04-25 14:25:00','2013-04-25 14:25:00',3,0),(373,19,21,NULL,0,NULL,'2013-04-25 14:25:45','2013-04-25 14:25:45',4,0),(374,19,22,NULL,0,NULL,'2013-04-25 14:27:03','2013-04-25 14:27:03',6,0),(375,19,23,NULL,0,NULL,'2013-04-25 14:27:14','2013-04-25 14:27:14',5,0),(376,19,13,NULL,0,NULL,'2013-04-25 14:30:15','2013-04-25 14:30:15',7,0),(377,19,14,NULL,0,NULL,'2013-04-25 14:30:33','2013-04-25 14:30:33',8,0),(378,19,2,NULL,0,NULL,'2013-04-25 14:30:47','2013-04-25 14:30:47',7,0),(379,19,41,NULL,0,NULL,'2013-04-25 14:31:03','2013-04-25 14:31:03',8,0),(380,19,63,NULL,0,NULL,'2013-04-25 14:31:20','2013-04-25 14:31:20',7,0),(381,19,64,NULL,0,NULL,'2013-04-25 14:31:33','2013-04-25 14:31:33',8,0),(382,19,42,NULL,0,NULL,'2013-04-25 14:32:20','2013-04-25 14:32:20',21,0),(383,19,43,NULL,0,NULL,'2013-04-25 14:32:30','2013-04-25 14:32:30',22,0),(384,19,44,NULL,0,NULL,'2013-04-25 14:32:46','2013-04-25 14:32:46',23,0),(385,19,45,NULL,0,NULL,'2013-04-25 14:33:01','2013-04-25 14:33:01',24,0),(386,19,46,NULL,0,NULL,'2013-04-25 14:33:22','2013-04-25 14:33:22',23,0),(387,19,47,NULL,0,NULL,'2013-04-25 14:33:35','2013-04-25 14:33:35',24,0),(388,19,48,NULL,0,NULL,'2013-04-25 14:33:53','2013-04-25 14:33:53',25,0),(389,19,49,NULL,0,NULL,'2013-04-25 14:34:06','2013-04-25 14:34:06',26,0),(390,19,50,NULL,0,NULL,'2013-04-25 14:37:57','2013-04-25 14:37:57',19,0),(391,19,51,NULL,0,NULL,'2013-04-25 14:38:07','2013-04-25 14:38:07',20,0),(392,19,54,NULL,0,NULL,'2013-04-25 14:38:34','2013-04-25 14:38:34',19,0),(393,19,55,NULL,0,NULL,'2013-04-25 14:38:42','2013-04-25 14:38:42',20,0),(394,19,52,NULL,0,NULL,'2013-04-25 14:39:09','2013-04-25 14:39:09',19,0),(395,19,53,NULL,0,NULL,'2013-04-25 14:39:19','2013-04-25 14:39:19',20,0),(396,13,50,NULL,0,NULL,'2013-04-25 14:40:17','2013-04-25 14:40:17',19,0),(397,13,51,NULL,0,NULL,'2013-04-25 14:40:26','2013-04-25 14:40:26',20,0),(399,13,54,NULL,0,NULL,'2013-04-25 14:40:52','2013-04-25 14:40:52',19,0),(400,13,55,NULL,0,NULL,'2013-04-25 14:41:01','2013-04-25 14:41:01',20,0),(401,13,52,NULL,0,NULL,'2013-04-25 14:41:10','2013-04-25 14:41:10',19,0),(402,13,53,NULL,0,NULL,'2013-04-25 14:41:19','2013-04-25 14:41:19',20,0),(403,63,50,NULL,0,NULL,'2013-04-25 14:42:30','2013-04-25 14:42:30',19,0),(404,63,51,NULL,0,NULL,'2013-04-25 14:42:39','2013-04-25 14:42:39',20,0),(405,63,54,NULL,0,NULL,'2013-04-25 14:42:48','2013-04-25 14:42:48',19,0),(406,63,55,NULL,0,NULL,'2013-04-25 14:42:57','2013-04-25 14:42:57',20,0),(407,63,52,NULL,0,NULL,'2013-04-25 14:43:06','2013-04-25 14:43:06',19,0),(408,63,53,NULL,0,NULL,'2013-04-25 14:43:14','2013-04-25 14:43:14',20,0),(410,322,323,NULL,0,NULL,'2013-04-26 06:18:08','2013-04-26 06:18:08',17,0),(411,324,322,NULL,0,NULL,'2013-04-26 06:20:43','2013-04-26 06:20:43',7,0),(412,324,323,NULL,0,NULL,'2013-04-26 06:20:53','2013-04-26 06:20:53',17,0),(413,322,324,NULL,0,NULL,'2013-04-26 06:21:40','2013-04-26 06:21:40',7,0),(414,326,325,NULL,0,NULL,'2013-04-27 02:05:00','2013-04-27 02:05:00',7,0),(415,327,325,NULL,0,NULL,'2013-04-27 02:08:36','2013-04-27 02:08:36',7,0),(416,327,326,NULL,0,NULL,'2013-04-27 02:09:02','2013-04-27 02:09:02',10,0),(417,325,326,NULL,0,NULL,'2013-04-27 02:11:56','2013-04-27 02:11:56',7,0),(418,325,327,NULL,0,NULL,'2013-04-27 02:12:30','2013-04-27 02:12:30',7,0),(419,326,327,NULL,0,NULL,'2013-04-27 02:13:55','2013-04-27 02:13:55',7,0),(421,328,330,NULL,0,NULL,'2013-04-28 07:44:55','2013-04-28 07:44:55',10,0),(422,328,331,NULL,0,NULL,'2013-04-28 07:45:18','2013-04-28 07:45:18',5,0),(423,328,332,NULL,0,NULL,'2013-04-28 07:45:40','2013-04-28 07:45:40',6,0),(424,328,333,NULL,0,NULL,'2013-04-28 07:45:57','2013-04-28 07:45:57',17,0),(425,328,334,NULL,0,NULL,'2013-04-28 07:46:09','2013-04-28 07:46:09',18,0),(426,328,335,NULL,0,NULL,'2013-04-28 07:46:18','2013-04-28 07:46:18',17,0),(427,328,336,NULL,0,NULL,'2013-04-28 07:46:50','2013-04-28 07:46:50',17,0),(428,328,337,NULL,0,NULL,'2013-04-28 07:47:01','2013-04-28 07:47:01',18,0),(429,328,338,NULL,0,NULL,'2013-04-28 07:47:11','2013-04-28 07:47:11',18,0),(430,328,339,NULL,0,NULL,'2013-04-28 07:47:29','2013-04-28 07:47:29',23,0),(431,328,340,NULL,0,NULL,'2013-04-28 07:47:42','2013-04-28 07:47:42',24,0),(432,328,341,NULL,0,NULL,'2013-04-28 07:54:00','2013-04-28 07:54:00',23,0),(433,328,342,NULL,0,NULL,'2013-04-28 07:54:14','2013-04-28 07:54:14',24,0),(434,328,343,NULL,0,NULL,'2013-04-28 07:54:43','2013-04-28 07:54:43',22,0),(435,328,344,NULL,0,NULL,'2013-04-28 07:54:54','2013-04-28 07:54:54',21,0),(436,328,345,NULL,0,NULL,'2013-04-28 07:55:05','2013-04-28 07:55:05',4,0),(437,328,346,NULL,0,NULL,'2013-04-28 07:55:14','2013-04-28 07:55:14',3,0),(438,328,347,NULL,0,NULL,'2013-04-28 07:55:37','2013-04-28 07:55:37',25,0),(439,328,348,NULL,0,NULL,'2013-04-28 07:55:55','2013-04-28 07:55:55',26,0),(440,328,349,NULL,0,NULL,'2013-04-28 07:56:10','2013-04-28 07:56:10',25,0),(441,328,351,NULL,0,NULL,'2013-04-28 07:56:24','2013-04-28 07:56:24',25,0),(442,328,350,NULL,0,NULL,'2013-04-28 07:56:33','2013-04-28 07:56:33',26,0),(443,328,352,NULL,0,NULL,'2013-04-28 07:56:44','2013-04-28 07:56:44',26,0),(444,328,329,NULL,0,NULL,'2013-04-28 07:57:55','2013-04-28 07:57:55',7,0),(445,328,353,NULL,0,NULL,'2013-04-28 08:08:47','2013-04-28 08:08:47',19,0),(446,328,354,NULL,0,NULL,'2013-04-28 08:09:20','2013-04-28 08:09:20',20,0),(447,328,355,NULL,0,NULL,'2013-04-28 08:09:31','2013-04-28 08:09:31',19,0),(448,328,356,NULL,0,NULL,'2013-04-28 08:09:40','2013-04-28 08:09:40',20,0),(449,357,358,NULL,0,NULL,'2013-04-28 10:43:15','2013-04-28 10:43:15',10,0),(450,359,358,NULL,0,NULL,'2013-04-28 10:58:06','2013-04-28 10:58:06',14,0),(451,359,357,NULL,0,NULL,'2013-04-28 10:58:30','2013-04-28 10:58:30',14,0),(452,360,358,NULL,0,NULL,'2013-04-28 11:00:48','2013-04-28 11:00:48',14,0),(453,360,357,NULL,0,NULL,'2013-04-28 11:01:00','2013-04-28 11:01:00',14,0),(454,360,359,NULL,0,NULL,'2013-04-28 11:01:34','2013-04-28 11:01:34',2,0),(456,359,360,NULL,0,NULL,'2013-04-28 11:14:23','2013-04-28 11:14:23',1,0),(465,362,363,NULL,0,NULL,'2013-04-29 10:45:18','2013-04-29 10:45:18',3,0),(466,362,365,NULL,0,NULL,'2013-04-29 10:52:36','2013-04-29 10:52:36',4,0),(467,362,366,NULL,0,NULL,'2013-04-29 11:15:52','2013-04-29 11:15:52',5,0),(468,362,367,NULL,0,NULL,'2013-04-29 11:16:13','2013-04-29 11:16:13',6,0),(469,362,368,NULL,0,NULL,'2013-04-29 11:16:33','2013-04-29 11:16:33',17,0),(470,362,369,NULL,0,NULL,'2013-04-29 11:16:58','2013-04-29 11:16:58',18,0),(471,362,370,NULL,0,NULL,'2013-04-29 11:17:15','2013-04-29 11:17:15',17,0),(472,362,371,NULL,0,NULL,'2013-04-29 11:17:35','2013-04-29 11:17:35',18,0),(473,362,372,NULL,0,NULL,'2013-04-29 11:19:43','2013-04-29 11:19:43',7,0),(474,362,373,NULL,0,NULL,'2013-04-29 11:20:08','2013-04-29 11:20:08',7,0),(475,362,375,NULL,0,NULL,'2013-04-29 11:32:51','2013-04-29 11:32:51',10,0);
/*!40000 ALTER TABLE `family_members` ENABLE KEYS */;
UNLOCK TABLES;

--
-- Table structure for table `feedbacks`
--

DROP TABLE IF EXISTS `feedbacks`;
/*!40101 SET @saved_cs_client     = @@character_set_client */;
/*!40101 SET character_set_client = utf8 */;
CREATE TABLE `feedbacks` (
  `id` int(11) NOT NULL AUTO_INCREMENT,
  `details` text COLLATE utf8_unicode_ci,
  `user_id` int(11) NOT NULL DEFAULT '0',
  `created_at` datetime NOT NULL,
  `updated_at` datetime NOT NULL,
  PRIMARY KEY (`id`)
) ENGINE=InnoDB AUTO_INCREMENT=23 DEFAULT CHARSET=utf8 COLLATE=utf8_unicode_ci;
/*!40101 SET character_set_client = @saved_cs_client */;

--
-- Dumping data for table `feedbacks`
--

LOCK TABLES `feedbacks` WRITE;
/*!40000 ALTER TABLE `feedbacks` DISABLE KEYS */;
INSERT INTO `feedbacks` VALUES (1,'WE ARE PROUD THAT OF THIS SITE WHICH HAS BEEN HOSTED AND WHEREIN WE HAVE ACCESS TO OTHER MAHESHWARI MEMBERS , THIS DATA WOULD HELP A LOT IN THE COMMUNITY BY WAY OF BUSINESS DEVELOPMENTS ,RELATIONSHIP MATCH ETC\r\n',2,'2013-04-06 18:02:58','2013-04-06 18:02:58'),(2,'',2,'2013-04-13 05:15:55','2013-04-13 05:15:55'),(3,'',2,'2013-04-13 05:16:02','2013-04-13 05:16:02'),(4,'',284,'2013-04-13 17:24:23','2013-04-13 17:24:23'),(5,'',293,'2013-04-14 10:49:58','2013-04-14 10:49:58'),(6,'Its awsome',293,'2013-04-14 10:50:21','2013-04-14 10:50:21'),(7,'sdre',293,'2013-04-14 10:50:27','2013-04-14 10:50:27'),(8,'dftd',293,'2013-04-14 10:50:33','2013-04-14 10:50:33'),(9,'sewffg sewffg sewffg sewffg sewffg sewffg sewffg sewffg sewffg sewffg sewffg sewffg sewffg sewffg sewffg sewffg sewffg sewffg sewffg sewffg sewffg sewffg sewffg sewffg sewffg sewffg sewffg sewffg sewffg sewffg sewffg sewffg sewffg sewffg sewffg sewffg sewffg sewffg sewffg sewffg sewffg sewffg sewffg sewffg sewffg sewffg sewffg sewffg sewffg sewffg sewffg sewffg sewffg sewffg sewffg sewffg sewffg sewffg sewffg sewffg sewffg sewffg sewffg sewffg sewffg  vsewffg sewffg sewffg sewffg sewffg sewffg sewffg sewffg sewffg sewffg sewffg sewffg sewffg sewffg sewffg sewffg sewffg sewffg sewffg sewffg sewffg sewffg sewffg sewffg sewffg sewffg sewffg sewffg sewffg sewffg sewffg sewffg sewffg sewffg sewffg sewffg sewffg sewffg sewffg sewffg sewffg sewffg sewffg sewffg sewffg sewffg sewffg sewffg sewffg sewffg sewffg sewffg sewffg sewffg sewffg sewffg sewffg sewffg sewffg sewffg sewffg sewffg sewffg sewffg sewffg sewffg sewffg sewffg sewffg sewffg sewffg sewffg sewffg sewffg sewffg sewffg sewffg sewffg sewffg sewffg sewffg sewffg sewffg sewffg sewffg sewffg sewffg sewffg sewffg sewffg sewffg sewffg sewffg sewffg sewffg sewffg sewffg ',293,'2013-04-14 10:50:57','2013-04-14 10:50:57'),(10,'cvv sewffg sewffg sewffg sewffg sewffg sewffg sewffg sewffg \r\n',293,'2013-04-14 10:51:11','2013-04-14 10:51:11'),(11,'dds bd k kdf g ,cfgfg',293,'2013-04-14 10:51:25','2013-04-14 10:51:25'),(12,'1233333 sewffg sewffg sewffg sewffg sewffg sewffg sewffg sewffg sewffg sewffg sewffg sewffg sewffg sewffg sewffg sewffg sewffg sewffg sewffg sewffg sewffg sewffg sewffg sewffg sewffg sewffg sewffg sewffg sewffg sewffg sewffg sewffg sewffg sewffg sewffg sewffg sewffg sewffg sewffg sewffg sewffg sewffg ',293,'2013-04-14 10:51:41','2013-04-14 10:51:41'),(13,'sewffg sewffg sewffg sewffg sewffg sewffg sewffg sewffg sewffg sewffg sewffg sewffg sewffg sewffg sewffg sewffg sewffg sewffg sewffg sewffg sewffg sewffg sewffg sewffg sewffg sewffg sewffg sewffg sewffg sewffg sewffg sewffg sewffg sewffg sewffg sewffg sewffg sewffg sewffg sewffg sewffg sewffg sewffg sewffg sewffg sewffg sewffg sewffg sewffg sewffg sewffg sewffg sewffg sewffg sewffg sewffg sewffg sewffg sewffg sewffg sewffg sewffg sewffg sewffg sewffg sewffg sewffg sewffg sewffg sewffg sewffg sewffg sewffg sewffg sewffg sewffg sewffg sewffg sewffg sewffg sewffg sewffg sewffg sewffg sewffg sewffg sewffg sewffg sewffg sewffg sewffg sewffg sewffg sewffg ',293,'2013-04-14 10:51:59','2013-04-14 10:51:59'),(14,'sewffg sewffg sewffg sewffg sewffg sewffg sewffg sewffg sewffg sewffg sewffg sewffg sewffg sewffg sewffg sewffg sewffg sewffg sewffg sewffg sewffg sewffg sewffg sewffg sewffg sewffg sewffg sewffg sewffg sewffg sewffg sewffg sewffg sewffg sewffg sewffg sewffg sewffg sewffg sewffg sewffg sewffg sewffg sewffg sewffg sewffg sewffg sewffg sewffg sewffg sewffg sewffg sewffg sewffg sewffg sewffg sewffg sewffg sewffg sewffg sewffg sewffg sewffg sewffg sewffg sewffg sewffg sewffg sewffg sewffg sewffg sewffg sewffg sewffg sewffg ',293,'2013-04-14 10:52:13','2013-04-14 10:52:13'),(15,'sewffg sewffg sewffg sewffg sewffg sewffg sewffg sewffg sewffg sewffg sewffg sewffg sewffg sewffg sewffg sewffg sewffg sewffg sewffg sewffg sewffg sewffg sewffg sewffg sewffg sewffg sewffg sewffg sewffg sewffg sewffg sewffg sewffg sewffg sewffg sewffg sewffg sewffg sewffg sewffg sewffg sewffg sewffg sewffg sewffg sewffg sewffg sewffg sewffg sewffg sewffg sewffg sewffg sewffg sewffg sewffg sewffg sewffg sewffg sewffg sewffg sewffg sewffg sewffg sewffg sewffg sewffg sewffg sewffg sewffg sewffg sewffg sewffg sewffg sewffg sewffg sewffg sewffg sewffg sewffg sewffg sewffg sewffg sewffg sewffg sewffg sewffg sewffg sewffg sewffg sewffg sewffg sewffg sewffg sewffg sewffg sewffg sewffg sewffg sewffg sewffg sewffg sewffg sewffg sewffg sewffg sewffg sewffg sewffg sewffg sewffg sewffg sewffg sewffg sewffg sewffg sewffg sewffg sewffg sewffg sewffg sewffg sewffg sewffg sewffg sewffg sewffg sewffg sewffg sewffg sewffg sewffg sewffg sewffg sewffg sewffg sewffg sewffg sewffg sewffg sewffg sewffg sewffg sewffg sewffg sewffg sewffg sewffg sewffg sewffg sewffg sewffg sewffg sewffg sewffg sewffg sewffg sewffg sewffg sewffg sewffg sewffg sewffg sewffg sewffg sewffg sewffg sewffg sewffg sewffg sewffg sewffg sewffg sewffg sewffg sewffg sewffg sewffg sewffg sewffg sewffg sewffg sewffg sewffg sewffg sewffg sewffg sewffg sewffg sewffg sewffg sewffg sewffg sewffg sewffg sewffg sewffg sewffg sewffg sewffg sewffg sewffg sewffg sewffg sewffg sewffg sewffg sewffg sewffg sewffg sewffg sewffg sewffg sewffg sewffg sewffg sewffg sewffg sewffg sewffg sewffg sewffg sewffg sewffg sewffg sewffg sewffg sewffg sewffg sewffg sewffg sewffg sewffg sewffg sewffg ',293,'2013-04-14 10:52:33','2013-04-14 10:52:33'),(16,'dsdfsdfs',293,'2013-04-14 10:53:13','2013-04-14 10:53:13'),(17,'',293,'2013-04-14 10:53:57','2013-04-14 10:53:57'),(18,'',2,'2013-04-14 11:23:13','2013-04-14 11:23:13'),(19,'there is a little confusion while adding family numbers, if it becomes simpler it would be wonderful and cheers to all who have worked hard for this.. but still iam unable to add family members of mine',297,'2013-04-15 11:38:59','2013-04-15 11:38:59'),(20,'I have by mistake entered my own profile in my \"DADA\"s profile, please delete the same.\r\n\r\nThanks & Regards,\r\n\r\nGhanshyam Baldawa\r\nMJ309',309,'2013-04-21 16:21:06','2013-04-21 16:21:06'),(21,'At later stage i feel the tree should be boundaryless and interconnected with other family trees and if we can unite all tress with one another it will be fantastic as then the social connect would be huge. One would be able to discover the relatives of himself in a nearby location .....etc.',318,'2013-04-23 17:38:18','2013-04-23 17:38:18'),(22,'You need to make your web site more user friend which presently i do not found it is .... perhaps its very confusing ??',377,'2013-05-01 09:51:22','2013-05-01 09:51:22');
/*!40000 ALTER TABLE `feedbacks` ENABLE KEYS */;
UNLOCK TABLES;

--
-- Table structure for table `relations`
--

DROP TABLE IF EXISTS `relations`;
/*!40101 SET @saved_cs_client     = @@character_set_client */;
/*!40101 SET character_set_client = utf8 */;
CREATE TABLE `relations` (
  `id` int(11) NOT NULL AUTO_INCREMENT,
  `relationship` varchar(255) COLLATE utf8_unicode_ci DEFAULT NULL,
  `created_at` datetime NOT NULL,
  `updated_at` datetime NOT NULL,
  `priority` int(11) DEFAULT NULL,
  PRIMARY KEY (`id`)
) ENGINE=InnoDB AUTO_INCREMENT=27 DEFAULT CHARSET=utf8 COLLATE=utf8_unicode_ci;
/*!40101 SET character_set_client = @saved_cs_client */;

--
-- Dumping data for table `relations`
--

LOCK TABLES `relations` WRITE;
/*!40000 ALTER TABLE `relations` DISABLE KEYS */;
INSERT INTO `relations` VALUES (1,'पतनी','0000-00-00 00:00:00','2013-04-21 05:42:55',3),(2,'पती','0000-00-00 00:00:00','2013-04-21 05:43:15',3),(3,'दादा','0000-00-00 00:00:00','2013-04-21 05:43:29',1),(4,'दादी','0000-00-00 00:00:00','2013-04-21 05:43:48',1),(5,'पिता','0000-00-00 00:00:00','2013-04-21 05:44:34',2),(6,'माता','0000-00-00 00:00:00','2013-04-21 05:44:19',2),(7,'भैय्या','0000-00-00 00:00:00','2013-04-21 05:44:57',3),(8,'भाभी','0000-00-00 00:00:00','2013-04-21 05:45:25',3),(9,'जीजा','0000-00-00 00:00:00','2013-04-21 05:45:37',3),(10,'जीजी','0000-00-00 00:00:00','2013-04-21 05:45:48',3),(11,'बेटा','0000-00-00 00:00:00','2013-04-21 05:46:03',4),(12,'बहू','0000-00-00 00:00:00','2013-04-21 05:46:21',4),(13,'दामाद','0000-00-00 00:00:00','2013-04-21 05:46:37',4),(14,'बेटी','0000-00-00 00:00:00','2013-04-21 05:46:53',4),(15,'ताऊ','0000-00-00 00:00:00','2013-04-21 05:47:25',2),(16,'ताई','0000-00-00 00:00:00','2013-04-21 05:47:38',2),(17,'चाचा','0000-00-00 00:00:00','2013-04-21 05:47:50',2),(18,'चाची','0000-00-00 00:00:00','2013-04-21 05:48:03',2),(19,'फूफा','0000-00-00 00:00:00','2013-04-21 05:48:33',2),(20,'बुआ','0000-00-00 00:00:00','2013-04-21 05:48:45',2),(21,'नाना','0000-00-00 00:00:00','2013-04-21 05:48:54',1),(22,'नानी','0000-00-00 00:00:00','2013-04-21 05:49:05',1),(23,'मामा','0000-00-00 00:00:00','2013-04-21 05:49:30',2),(24,'मामी','0000-00-00 00:00:00','2013-04-21 05:49:39',2),(25,'मासा','0000-00-00 00:00:00','2013-04-21 05:49:52',2),(26,'मासी','0000-00-00 00:00:00','2013-04-21 05:50:02',2);
/*!40000 ALTER TABLE `relations` ENABLE KEYS */;
UNLOCK TABLES;

--
-- Table structure for table `schema_migrations`
--

DROP TABLE IF EXISTS `schema_migrations`;
/*!40101 SET @saved_cs_client     = @@character_set_client */;
/*!40101 SET character_set_client = utf8 */;
CREATE TABLE `schema_migrations` (
  `version` varchar(255) COLLATE utf8_unicode_ci NOT NULL,
  UNIQUE KEY `unique_schema_migrations` (`version`)
) ENGINE=InnoDB DEFAULT CHARSET=utf8 COLLATE=utf8_unicode_ci;
/*!40101 SET character_set_client = @saved_cs_client */;

--
-- Dumping data for table `schema_migrations`
--

LOCK TABLES `schema_migrations` WRITE;
/*!40000 ALTER TABLE `schema_migrations` DISABLE KEYS */;
INSERT INTO `schema_migrations` VALUES ('20130123101929'),('20130202091238'),('20130311063033'),('20130312050340'),('20130330112739'),('20130402084849'),('20130402085845'),('20130423092907');
/*!40000 ALTER TABLE `schema_migrations` ENABLE KEYS */;
UNLOCK TABLES;

--
-- Table structure for table `users`
--

DROP TABLE IF EXISTS `users`;
/*!40101 SET @saved_cs_client     = @@character_set_client */;
/*!40101 SET character_set_client = utf8 */;
CREATE TABLE `users` (
  `id` int(11) NOT NULL AUTO_INCREMENT,
  `firstname` varchar(255) COLLATE utf8_unicode_ci DEFAULT NULL,
  `lastname` varchar(255) COLLATE utf8_unicode_ci DEFAULT NULL,
  `user_id` int(11) NOT NULL,
  `mobileno` varchar(255) COLLATE utf8_unicode_ci DEFAULT NULL,
  `email` varchar(255) COLLATE utf8_unicode_ci DEFAULT NULL,
  `password_hash` varchar(255) COLLATE utf8_unicode_ci DEFAULT NULL,
  `password_salt` varchar(255) COLLATE utf8_unicode_ci DEFAULT NULL,
  `gender` varchar(255) COLLATE utf8_unicode_ci DEFAULT NULL,
  `mj_id` varchar(255) COLLATE utf8_unicode_ci DEFAULT NULL,
  `reqstatus` tinyint(1) DEFAULT NULL,
  `visited` tinyint(1) DEFAULT '0',
  `payment` float DEFAULT '0',
  `due` float DEFAULT '0',
  `family_count` int(11) DEFAULT '1',
  `photo_file_name` varchar(255) COLLATE utf8_unicode_ci DEFAULT NULL,
  `photo_content_type` varchar(255) COLLATE utf8_unicode_ci DEFAULT NULL,
  `photo_file_size` int(11) DEFAULT NULL,
  `created_at` datetime NOT NULL,
  `updated_at` datetime NOT NULL,
  `station` varchar(20) COLLATE utf8_unicode_ci DEFAULT NULL,
  `occupation` varchar(20) COLLATE utf8_unicode_ci DEFAULT NULL,
  `address` varchar(100) COLLATE utf8_unicode_ci DEFAULT NULL,
  `dob` varchar(255) COLLATE utf8_unicode_ci NOT NULL DEFAULT '',
  PRIMARY KEY (`id`),
  KEY `index_on_user_id` (`user_id`)
) ENGINE=InnoDB AUTO_INCREMENT=378 DEFAULT CHARSET=utf8 COLLATE=utf8_unicode_ci;
/*!40101 SET character_set_client = @saved_cs_client */;

--
-- Dumping data for table `users`
--

LOCK TABLES `users` WRITE;
/*!40000 ALTER TABLE `users` DISABLE KEYS */;
INSERT INTO `users` VALUES (1,'Admin','User',0,'123','admin@gmail.com','$2a$10$WaqiHIsaM7gqHQzvmX8R9uovmnXd.Rm42Kby5DafHMn3MowAwFFL6','$2a$10$WaqiHIsaM7gqHQzvmX8R9u','male','MJ1',1,0,0,0,1,NULL,NULL,NULL,'2013-03-12 08:59:37','2013-03-12 09:46:26','hyderabad','admin',NULL,''),(2,'KRISHNA KUMAR ','KABRA',2,'9246532717','silpipes@gmail.com','$2a$10$a0s8JMQP1y5.xvNxoq3Pfe8g9ToCs69U0GPO9IKxVE/JkKyO/2Xba','$2a$10$a0s8JMQP1y5.xvNxoq3Pfe','Male','MJ2',0,0,0,0,1,'GRUHA_PRAVESH_119.jpg','image/jpeg',6296844,'2013-03-15 09:22:04','2013-04-21 08:40:09','SECUNDERABAD','BUSINESS','302, MAHALAKSHMI FORTUNE,\r\n10-2-274/1, KONDA REDDY STREET,\r\nWEST MARREDPALLY, SECUNDERABAD,\r\n500026','27/09/1975'),(7,'VIDHI ','KABRA',2,'9246532717','silpipes@gmail.com','$2a$10$WaqiHIsaM7gqHQzvmX8R9uovmnXd.Rm42Kby5DafHMn3MowAwFFL6','$2a$10$WaqiHIsaM7gqHQzvmX8R9u','Female','MJ7',0,0,0,0,1,'GRUHA_PRAVESH_032.jpg','image/jpeg',5248431,'2013-03-15 10:04:55','2013-04-14 14:11:23','SECUNDERABAD','STUDENT','FLAT NO.302 MAHALAKSHMI FORTUNE\r\n10-2-274/1 KONDA REDDY STREET\r\nWEST MARREDPALLY\r\nSECUNDERABAD - 500','17.04.2002'),(13,'Manish','Kabra',2,'9246339321','MANISHKKABRA@REDIFFMAIL.COM','$2a$10$WaqiHIsaM7gqHQzvmX8R9uovmnXd.Rm42Kby5DafHMn3MowAwFFL6','$2a$10$WaqiHIsaM7gqHQzvmX8R9u','male','MJ13',0,0,0,0,1,NULL,NULL,NULL,'2013-03-15 13:54:38','2013-04-10 03:33:30','Secunderabad','','',''),(14,'KUSUM','KABRA',2,'9346052712','MANISHKKABRA@REDIFFMAIL.COM','$2a$10$WaqiHIsaM7gqHQzvmX8R9uovmnXd.Rm42Kby5DafHMn3MowAwFFL6','$2a$10$WaqiHIsaM7gqHQzvmX8R9u','female','MJ14',0,0,0,0,1,NULL,NULL,NULL,'2013-03-15 13:55:14','2013-03-15 13:55:14','SECUNDERABAD',NULL,NULL,''),(18,'VINESH ','MUNDADA',2,'9391008523','hsptco@gmail.com','$2a$10$WaqiHIsaM7gqHQzvmX8R9uovmnXd.Rm42Kby5DafHMn3MowAwFFL6','$2a$10$WaqiHIsaM7gqHQzvmX8R9u','male','MJ18',0,0,0,0,1,NULL,NULL,NULL,'2013-03-15 14:05:26','2013-03-15 14:05:26','SECUNDERABAD',NULL,NULL,''),(19,'CHETNA','MUNDADA',2,'9885014337','hsptco@gmail.com','$2a$10$WaqiHIsaM7gqHQzvmX8R9uovmnXd.Rm42Kby5DafHMn3MowAwFFL6','$2a$10$WaqiHIsaM7gqHQzvmX8R9u','female','MJ19',0,0,0,0,1,NULL,NULL,NULL,'2013-03-15 14:06:33','2013-03-15 14:06:34','SECUNDERABAD',NULL,NULL,''),(20,'LATE SHRI BALABUX','KABRA',2,'9246532717','silpipes@gmail.com','$2a$10$WaqiHIsaM7gqHQzvmX8R9uovmnXd.Rm42Kby5DafHMn3MowAwFFL6','$2a$10$WaqiHIsaM7gqHQzvmX8R9u','male','MJ20',0,0,0,0,1,NULL,NULL,NULL,'2013-03-15 14:08:29','2013-03-15 14:51:02','DIDWANA - RAJASTHAN',NULL,NULL,''),(21,'LATE RAMPYARI DEVI ','KABRA',2,'9246532717','silpipes@gmail.com','$2a$10$WaqiHIsaM7gqHQzvmX8R9uovmnXd.Rm42Kby5DafHMn3MowAwFFL6','$2a$10$WaqiHIsaM7gqHQzvmX8R9u','female','MJ21',0,0,0,0,1,NULL,NULL,NULL,'2013-03-15 14:15:34','2013-03-15 14:47:30','DIDWANA - RAJASTHAN',NULL,NULL,''),(22,'RUKMANI DEVI','KABRA',2,'8019761990','MANISHKKABRA@REDIFFMAIL.COM','$2a$10$WaqiHIsaM7gqHQzvmX8R9uovmnXd.Rm42Kby5DafHMn3MowAwFFL6','$2a$10$WaqiHIsaM7gqHQzvmX8R9u','female','MJ22',0,0,0,0,1,NULL,NULL,NULL,'2013-03-15 14:16:52','2013-03-15 15:28:47','SECUNDERABAD',NULL,NULL,''),(23,'LATE SHRI HARI PRASAD ','KABRA',2,'','MANISHKKABRA@REDIFFMAIL.COM','$2a$10$WaqiHIsaM7gqHQzvmX8R9uovmnXd.Rm42Kby5DafHMn3MowAwFFL6','$2a$10$WaqiHIsaM7gqHQzvmX8R9u','Male','MJ23',0,0,0,0,1,NULL,NULL,NULL,'2013-03-15 14:17:56','2013-04-24 03:27:12','SECUNDERABAD','','','15/03/1944'),(24,'Kanak','Kabra',2,'9246532717','silpipes@gmail.com','$2a$10$WaqiHIsaM7gqHQzvmX8R9uovmnXd.Rm42Kby5DafHMn3MowAwFFL6','$2a$10$WaqiHIsaM7gqHQzvmX8R9u','Female','MJ24',0,0,0,0,1,'DSC_8764.JPG','image/jpeg',71815,'2013-03-15 14:19:24','2013-04-01 07:22:40','Secunderabad','Student','',''),(29,'SHIV PRASAD','KABRA',2,'9848889737','SHIVPRASADKABRA@GMAIL.COM','$2a$10$WaqiHIsaM7gqHQzvmX8R9uovmnXd.Rm42Kby5DafHMn3MowAwFFL6','$2a$10$WaqiHIsaM7gqHQzvmX8R9u','male',NULL,0,0,0,0,1,NULL,NULL,NULL,'2013-03-15 14:26:53','2013-03-15 14:26:53','SECUNDERABAD',NULL,NULL,''),(30,'BIMLA DEVI','KABRA',2,'9848889737','SHIVPRASADKABRA@GMAIL.COM','$2a$10$WaqiHIsaM7gqHQzvmX8R9uovmnXd.Rm42Kby5DafHMn3MowAwFFL6','$2a$10$WaqiHIsaM7gqHQzvmX8R9u','female',NULL,0,0,0,0,1,NULL,NULL,NULL,'2013-03-15 14:28:21','2013-03-15 14:28:22','SECUNDERABAD',NULL,NULL,''),(41,'SANDHYA ','KABRA',2,'9246582717','SILPIPES@GMAIL.COM','$2a$10$fB9YFQY9AWQz9P4p.pCjfuslP5bqD5ei7EY6Xm.rrUmFkB7cS1hR.','$2a$10$fB9YFQY9AWQz9P4p.pCjfu','female','MJ41',0,0,0,0,1,'GRUHA_PRAVESH_111.jpg','image/jpeg',5763197,'2013-03-29 16:10:16','2013-04-14 14:43:01','SECUNDERABAD','','',''),(42,'LATE SHRI NATHULALJI ','RATHI',2,'','SILPIPES@GMAIL.COM','$2a$10$UogkXlDUPxD9wWHBDAnpF.3zICmcu3tKZGtlYhEucCAueVuuVT2bW','$2a$10$UogkXlDUPxD9wWHBDAnpF.','male','MJ42',0,0,0,0,1,NULL,NULL,NULL,'2013-03-29 16:12:09','2013-04-21 07:03:58','KISHANGARH - RAJASTH',NULL,NULL,''),(43,'LATE JETHA BAI','RATHI',2,'','SILPIPES@GMAIL.COM','$2a$10$7eA9tRGlVFndX02HIgzuX.z/zG5KtL5B3BUJz0QZP35H63XZPk4e2','$2a$10$7eA9tRGlVFndX02HIgzuX.','female','MJ43',0,0,0,0,1,NULL,NULL,NULL,'2013-03-29 16:13:04','2013-04-21 07:04:49','KISHANGARH - RAJASTH',NULL,NULL,''),(44,'KEDAR MAL','RATHI',2,'9445572551','rrrathi2002@gmail.com','$2a$10$zEKA.n82zjZ2qz8H25jmye9.gR/XnF6zecfwhsaWzLNBd.et7aMyy','$2a$10$zEKA.n82zjZ2qz8H25jmye','Male','MJ44',0,0,0,0,1,'DSC01780.JPG','image/jpeg',3306865,'2013-03-29 16:14:13','2013-04-23 17:10:48','CHENNAI','BUSINESS','','16/05/1946'),(45,'KANTA ','RATHI',2,'','SSTCHYD@REDIFFMAIL.COM','$2a$10$oJgbdBQ90C5XJ3wIIf0VSOpvc5IpbApUz/8Lftu8qb.hQ0I5JiDNu','$2a$10$oJgbdBQ90C5XJ3wIIf0VSO','female','MJ45',0,0,0,0,1,NULL,NULL,NULL,'2013-03-29 16:14:52','2013-04-21 07:08:16','CHENNAI',NULL,NULL,''),(46,'SHYAM SUNDER ','RATHI',2,'','SSTCHYD@REDIFFMAIL.COM','$2a$10$RbnlHPFJOwLG6tPPD4k0C.VXruHSciGSv5d80tT284HA92iJAQg9m','$2a$10$RbnlHPFJOwLG6tPPD4k0C.','male','MJ46',0,0,0,0,1,NULL,NULL,NULL,'2013-03-29 16:15:40','2013-04-21 07:09:07','SATNA (M.P)',NULL,NULL,''),(47,'KAUSHALYA ','RATHI',2,'','SSTCHYD@REDIFFMAIL.COM','$2a$10$h3AkrKZbBG4B5ExxOdpPAed4kSoTfb5YqiZKUFNwRzkZL74CHecxC','$2a$10$h3AkrKZbBG4B5ExxOdpPAe','female','MJ47',0,0,0,0,1,NULL,NULL,NULL,'2013-03-29 16:16:48','2013-04-21 07:09:54','SATNA (M.P)',NULL,NULL,''),(48,'SAMPATH LAL','RANDED',2,'','SSTCHYD@REDIFFMAIL.COM','$2a$10$Y8mKgLSzwPmYGtA79eC6Re05FUCb500qztp0Tqv0vfiNV6lnuSGt6','$2a$10$Y8mKgLSzwPmYGtA79eC6Re','male','MJ48',0,0,0,0,1,NULL,NULL,NULL,'2013-03-29 16:17:36','2013-04-21 07:21:48','UDAIPUR',NULL,NULL,''),(49,'RADHA','RANDED',2,'','SSTCHYD@REDIFFMAIL.COM','$2a$10$zZPxuBva5pKWGZDTHX.y2.0G8piHQga7WxnY9s5M7Aj77pB8GIFcu','$2a$10$zZPxuBva5pKWGZDTHX.y2.','female','MJ49',0,0,0,0,1,NULL,NULL,NULL,'2013-03-29 16:18:24','2013-04-21 07:22:38','UDAIPUR',NULL,NULL,''),(50,'GOURI SHANKER','BIRLA',2,'08595395969/011-32449496','SSTCHYD@REDIFFMAIL.COM','$2a$10$7xfQwVMrLfHZRf/pUtClMO9JJ1NybgCslBDltFW8TM.jvVNHWAP9G','$2a$10$7xfQwVMrLfHZRf/pUtClMO','Male','MJ50',0,0,0,0,1,'Picture_052.jpg','image/jpeg',178851,'2013-03-29 16:19:11','2013-04-22 06:27:02','DELHI','RETIRED','E-46, SATYAWATI NAGAR, ASHOK VIHAR, PHASE III, DELHI-110052','1st March, 1933'),(51,'JANAKI DEVI','BIRLA',2,'011-32449496','SSTCHYD@REDIFFMAIL.COM','$2a$10$gd9HvGIRNM2tJrrSRXc9FudHK30nKtMobKOA9PjWiRQTUD0O.2Uc6','$2a$10$gd9HvGIRNM2tJrrSRXc9Fu','Female','MJ51',0,0,0,0,1,'Picture_261.jpg','image/jpeg',176403,'2013-03-29 16:19:44','2013-04-22 06:45:10','DELHI','','E-46, SATYWATI COLONY, ASHOK VIHAR, PHASEIII, DELHI-110052','1939'),(52,'CHANDI PRASAD','BIYANI',2,'','SSTCHYD@REDIFFMAIL.COM','$2a$10$WgsRp8UT54Mp2IU8fT1bfe2N4jc6VPibZMhjYmR4iLLgZ4vA7fU9K','$2a$10$WgsRp8UT54Mp2IU8fT1bfe','male','MJ52',0,0,0,0,1,NULL,NULL,NULL,'2013-03-29 16:20:39','2013-04-21 07:18:00','JAIPUR',NULL,NULL,''),(53,'PUSHPA ','BIYANI',2,'','SSTCHYD@REDIFFMAIL.COM','$2a$10$V0JFLBFAoq9U3n3ore4VS.QTvQnR7cIRsgcXJF94eANPcgRr2pgTq','$2a$10$V0JFLBFAoq9U3n3ore4VS.','female','MJ53',0,0,0,0,1,NULL,NULL,NULL,'2013-03-29 16:21:17','2013-04-21 07:15:05','JAIPUR',NULL,NULL,''),(54,'LT. HANSRAJ','LADHA',2,'0141-2337912','ragini_ladha2001@yahoo.com','$2a$10$Fed9kTNYB4GBqbdJWu4k.O9bKpsL6gxVjaUQFLMwyeqcEzE1kP5xK','$2a$10$Fed9kTNYB4GBqbdJWu4k.O','Male','MJ54',0,0,0,0,1,'image.jpg','image/jpeg',787240,'2013-03-29 16:21:55','2013-04-21 08:17:37','JAIPUR','','11, JAGDAMBA COLONY NAYA KHERA VIDHYADHAR NAGAR AMBABARI SECTOR-1 JAIPUR ',''),(55,'SUSHILA DEVI','LADHA',2,'0141-2337912','ragini_ladha2001@yahoo.com','$2a$10$xwiFmbMaZFFsDE.qLBPxa.fOy12qpt0Uo.4ArG22XM7xEzvkrMj.2','$2a$10$xwiFmbMaZFFsDE.qLBPxa.','Female','MJ55',0,0,0,0,1,'image.jpg','image/jpeg',33476,'2013-03-29 16:22:35','2013-04-21 08:18:41','JAIPUR','','11,JAGDAMBA COLONY NAYA KHERA VIDHYADHAR NAGAR AMBABARI SECTOR-1 \r\nJAIPUR',''),(56,'JAGDISH PRASAD','KABRA',2,'','KABRASTEEL@YAHOO.COM',NULL,NULL,'male',NULL,0,0,0,0,1,NULL,NULL,NULL,'2013-03-29 16:23:30','2013-03-29 16:23:30','VISHAKAPATNAM',NULL,NULL,''),(57,'SITA DEVI','KABRA',2,'','KABRASTEEL@YAHOO.COM',NULL,NULL,'female',NULL,0,0,0,0,1,NULL,NULL,NULL,'2013-03-29 16:24:09','2013-03-29 16:24:10','VISHAKAPATNAM',NULL,NULL,''),(58,'JUGAL KISHORE','KABRA',2,'','ESHUKABRA@YAHOO.COM',NULL,NULL,'male',NULL,0,0,0,0,1,NULL,NULL,NULL,'2013-03-29 16:24:53','2013-03-29 16:24:54','SECUNDERABAD',NULL,NULL,''),(59,'PUSHPA DEVI','KABRA',2,'','ESHUKABRA@YAHOO.COM',NULL,NULL,'female',NULL,0,0,0,0,1,NULL,NULL,NULL,'2013-03-29 16:25:29','2013-03-29 16:25:29','SECUNDERABAD',NULL,NULL,''),(61,'KAMAL KISHORE','KABRA',2,'9298651823','HKKABRA@YAHOO.COM','$2a$10$PXkjQirMeccZd9WlD..8kO8kKq/Tc3ayJCi.zqEWbeVFTUxvJ4WX.','$2a$10$PXkjQirMeccZd9WlD..8kO','Male','MJ61',0,0,0,0,1,'DSC_9493.JPG','image/jpeg',4777739,'2013-03-30 04:34:24','2013-04-15 17:08:52','SECUNDERABAD','','',''),(62,'SARLA DEVI ','KABRA',2,'9985227924','HKKABRA@YAHOO.COM','$2a$10$DShVusfMy7HyQYILvNcgNu8sn3duZHk/gD0lyolDqXRCdaQSDXm0m','$2a$10$DShVusfMy7HyQYILvNcgNu','Female','MJ62',0,0,0,0,1,'DSC_9613.JPG','image/jpeg',5480701,'2013-03-30 04:35:19','2013-04-15 17:14:31','SECUNDERABAD','','',''),(63,'VIJAY ','KABRA',2,'9395312319','MCC_PIPES@HOTMAIL.COM','$2a$10$.HP/OHVexDHGtjIdjkkwouFvT1VepJLiVM9/nGLMY3Q38zF79Gq0m','$2a$10$.HP/OHVexDHGtjIdjkkwou','male','MJ63',0,0,0,0,1,NULL,NULL,NULL,'2013-03-30 04:41:22','2013-04-22 13:52:55','SECUNDERABAD',NULL,NULL,''),(64,'CHAVI SANDHYA ','KABRA',2,'9949078040','MCC_PIPES@HOTMAIL.COM','$2a$10$/QO0Bjd1cfO2bSgAkFa7JezuxH6c.MTLHOjhkKYlB9K6CzxUPR7t.','$2a$10$/QO0Bjd1cfO2bSgAkFa7Je','female','MJ64',0,0,0,0,1,NULL,NULL,NULL,'2013-03-30 04:42:37','2013-04-22 13:53:43','SECUNDERABAD',NULL,NULL,''),(311,'SAROJ','BIRLA',2,'09313394222','Kanika.maheshwari@ymail.com','$2a$10$w7Df3wn4LCMrMhJZNKle8.Wh462M6uluTiQm9ebTfW.8hGjQX4Aay','$2a$10$w7Df3wn4LCMrMhJZNKle8.','Female','MJ311',0,0,0,0,1,'Picture_357.jpg','image/jpeg',170773,'2013-04-22 07:00:16','2013-04-22 07:05:45','NEW DELHI','HOUSEWIFE','E-46, SATYWATI COLONY, ASHOK VIHAR, PHASE III, DELHI-110052','6th may, 1964'),(312,'VINAY','BIRLA',2,'09911873466','Kanika.maheshwari@ymail.com','$2a$10$aTEiJAQCchZ8DwrykVtMNuOFv6pv8G7iE9aDf7p7lrUxt22Q41t8q','$2a$10$aTEiJAQCchZ8DwrykVtMNu','Male','MJ312',0,0,0,0,1,'Picture_059.jpg','image/jpeg',134525,'2013-04-22 07:12:05','2013-04-22 07:18:06','NEW DELHI','BUSINESS','','27 august, 1985'),(313,'KANIKA','BIRLA',2,'09999820090','Kanika.maheshwari@ymail.com','$2a$10$YtxxEpU4nSLUmM3CVvrzvOpS0k7K8PWcTyQxSUM4R7TSSjLegMi92','$2a$10$YtxxEpU4nSLUmM3CVvrzvO','Female','MJ313',0,0,0,0,1,NULL,NULL,NULL,'2013-04-22 07:19:22','2013-04-22 07:20:45','NEW DELHI',NULL,NULL,''),(314,'BASANT ','BIRLA',2,'09818305029','kanika.maheshwari',NULL,NULL,'Male',NULL,0,0,0,0,1,NULL,NULL,NULL,'2013-04-22 07:40:51','2013-04-22 07:40:52','NEW DELHI',NULL,NULL,''),(315,'BASANT ','BIRLA',2,'09818305029','Kanika.maheshwari@ymail.com','$2a$10$OlMQDj/Xy6gp4nmhrCHY6.NI1RbsDYKlBByIxmhl08BllhgF0esne','$2a$10$OlMQDj/Xy6gp4nmhrCHY6.','Male','MJ315',0,0,0,0,1,'Picture_399.jpg','image/jpeg',140394,'2013-04-22 07:43:03','2013-04-22 07:57:16','NEW DELHI','BUSINESS','','15th Jan, 1961'),(316,'VARSHA','BAJAJ',2,'8099993451','vbajaj87@yahoo.com','$2a$10$FpuW051HlrSIuxdCEBnr8uedVXjyLvJ8.ayRm.IX8sMCBbVS.KNCi','$2a$10$FpuW051HlrSIuxdCEBnr8u','Female','MJ316',0,0,0,0,1,NULL,NULL,NULL,'2013-04-22 13:26:39','2013-04-22 13:28:27','HYDERABAD',NULL,NULL,''),(317,'RAJESH','RATHI',2,'9582260421','rrrathi2002@yahoo.com',NULL,NULL,'Male',NULL,0,0,0,0,1,NULL,NULL,NULL,'2013-04-23 16:44:26','2013-04-23 16:44:28','GURGAON',NULL,NULL,''),(318,'RAJESH','RATHI',2,'9582260421','rrrathi2002@yahoo.com','$2a$10$HvlSXwAeexGyLByBqVrO5.V24FhsfKQJNMPXJe.a3y3lGKQZDX9NK','$2a$10$HvlSXwAeexGyLByBqVrO5.','Male','MJ318',0,0,0,0,1,NULL,NULL,NULL,'2013-04-23 16:44:32','2013-04-23 17:05:36','GURGAON',NULL,NULL,''),(319,'SUNITA','RATHI',2,'9999744421','rrrathi2002@yahoo.com','$2a$10$vceKq.cN40zyrxIVWClsD.2YezR0HXWj7UvYLDrcQ5.4ucSpUCWBW','$2a$10$vceKq.cN40zyrxIVWClsD.','Female','MJ319',0,0,0,0,1,NULL,NULL,NULL,'2013-04-23 16:47:33','2013-04-23 17:09:16','GURGAON',NULL,NULL,''),(320,'SHASHANK','RATHI',2,'9999744421','shashankrathi1975@gmail.com','$2a$10$WSNdbCvHykGXj0MlZAiwnu27RpXR/8EWsMqo480kGXAS02Ni5CyFi','$2a$10$WSNdbCvHykGXj0MlZAiwnu','Male','MJ320',0,0,0,0,1,NULL,NULL,NULL,'2013-04-23 16:47:42','2013-04-23 17:10:12','GURGAON',NULL,NULL,''),(321,'SOMESH M','JHAWAR',2,'9963111552','jhawarsomesh@yahoo.com','$2a$10$J7I42tAhF52FcUa2WJnBC.8sSRis2hZSE1Z4.IwlZTes3bEyohtvC','$2a$10$J7I42tAhF52FcUa2WJnBC.','Male','MJ321',0,0,0,0,1,NULL,NULL,NULL,'2013-04-25 02:48:14','2013-04-25 03:00:46','SECUNDERABAD','BUSINESS','FLAT NO 106,UMA TOWERS SINDHI COLONY,P.G ROAD SECUNDERABAD\r\n500003','12/04/1991'),(322,'VIPUL RAMAN','CHANDAK',2,'08275341240','chandakvipul@gmail.com','$2a$10$w5PIJIe94jeip65F64APIuZUonolDbUB8m3ABkz30XbClJBw12FiW','$2a$10$w5PIJIe94jeip65F64APIu','Male','MJ322',0,0,0,0,1,NULL,NULL,NULL,'2013-04-26 06:05:43','2013-04-26 06:14:54','KHAMGAON','SELF EMPLOYEED','AMRUT BAGH COLONY,TANK ROAD, KHAMGAON.\r\nDIST: BULDANA\r\nMAHARASHTRA','17-03-1985'),(323,'SATISH BANSILALJI','CHANDAK',2,'9860005960','chandakvipul@gmail.com','$2a$10$9nOdy2cbxGesF0WE/VbceeFE0nyeBZLqA3tT1uCZtEbmXVPuwUlMK','$2a$10$9nOdy2cbxGesF0WE/Vbcee','Male','MJ323',0,0,0,0,1,NULL,NULL,NULL,'2013-04-26 06:16:16','2013-04-26 06:16:46','KHAMGAON',NULL,NULL,''),(324,'SACHIN RAMAN','CHANDAK',2,'8275341238','chandakvipul@gmail.com','$2a$10$VPXdMgv5lYSGZeesb8DbAuWiqZYMmFjmX2Oept.2nq6ITCAzTDYfm','$2a$10$VPXdMgv5lYSGZeesb8DbAu','Male','MJ324',0,0,0,0,1,NULL,NULL,NULL,'2013-04-26 06:19:18','2013-04-26 06:20:02','KHAMGAON',NULL,NULL,''),(325,'DEV','KABRA',2,'9246339321','manishkkabra@rediffmail.com','$2a$10$WBakC/AKKizmopSzBdHXnOlw09XvRvHWOKJAmxt94phS0Qg7ynUx.','$2a$10$WBakC/AKKizmopSzBdHXnO','Male','MJ325',0,0,0,0,1,NULL,NULL,NULL,'2013-04-27 01:44:02','2013-04-27 02:01:01','SECUNDERABAD','STUDENT','','29.09.1999'),(326,'DIYA','KABRA',2,'9246339321','manishkkabra@rediffmail.com','$2a$10$rzFWGRsPcPd9FAaBSvkVO.Z3h.ds6xjWokqRh2vS1hxgeLibTF7TS','$2a$10$rzFWGRsPcPd9FAaBSvkVO.','Female','MJ326',0,0,0,0,1,NULL,NULL,NULL,'2013-04-27 01:45:27','2013-04-27 02:06:01','SECUNDERABAD','STUDENT','','26.11.2001'),(327,'DARSHAN ','KABRA',2,'9246339321','manishkkabra@rediffmail.com','$2a$10$pMYc0KbwmE3kEWt8wUt2xuVTs2ktn.4I9HdV4Sd.GfV4FxKoXqYj2','$2a$10$pMYc0KbwmE3kEWt8wUt2xu','Male','MJ327',0,0,0,0,1,NULL,NULL,NULL,'2013-04-27 01:46:46','2013-04-27 02:10:38','SECUNDERABAD','STUDENT','','28.1.2005'),(328,'AJAY KUMAR ','LAHOTI',2,'9533551430','AJAYLAHOTI40@GMAIL.COM','$2a$10$nto4kigscMRi/6DkOFL7vOaqujvsyyfLASWEJVC/ynQOXcq3lx0C6','$2a$10$nto4kigscMRi/6DkOFL7vO','Male','MJ328',0,0,0,0,1,NULL,NULL,NULL,'2013-04-28 07:00:43','2013-04-28 14:18:41','BELLAMPALLI','','LAHOTI FANCY CLOTH STORRES,\r\nNELCO LANE,\r\nMAIN BAZAR,\r\nBELLAMPALLI-504251,\r\nDIST:ADILABAD.','7--4-1992'),(329,'VIJAY KUMAR','LAHOTI',2,'9177989518','VIJAYLAHOTI20@GMAIL.COM','$2a$10$O8WmBQH6UgLTkMEnRytBJOL8X5IGxC3bbL9BGzng1Sj9FZX7hcDDW','$2a$10$O8WmBQH6UgLTkMEnRytBJO','Male','MJ329',0,0,0,0,1,NULL,NULL,NULL,'2013-04-28 07:05:06','2013-04-28 07:58:47','BELLAMPALLI','','',''),(330,'SWATHI ','LAHOTI',2,'7386324721','AJAYLAHOTI40@GMAIL.COM','$2a$10$P8swtCt4Zblz2EnwnPkY9.ExR3EBoMn4FdL/8YM.FDFYn1myPZ83u','$2a$10$P8swtCt4Zblz2EnwnPkY9.','Female','MJ330',0,0,0,0,1,NULL,NULL,NULL,'2013-04-28 07:07:50','2013-04-28 07:59:44','BELLAMPALLI','','',''),(331,'RADHESHYAM','LAHOTI',2,'9959494497','AJAYLAHOTI40@GMAIL.COM','$2a$10$8Ahv8UKzSUlkzsmGK4qYFeYLdscRikfZ4UoroFF7j9HsFgeXW3Oh.','$2a$10$8Ahv8UKzSUlkzsmGK4qYFe','Male','MJ331',0,0,0,0,1,NULL,NULL,NULL,'2013-04-28 07:10:15','2013-04-28 07:44:24','BELLAMPALLI',NULL,NULL,''),(332,'BHAGAWATHI ','LAHOTI',2,'9293656248','AJAYLAHOTI40@GMAIL.COM','$2a$10$6EKl8FZqQIR5XlWh1YN7POVdu4JUbFliPZzQbFojZ6xyBvgJ8/WWS','$2a$10$6EKl8FZqQIR5XlWh1YN7PO','Male','MJ332',0,0,0,0,1,NULL,NULL,NULL,'2013-04-28 07:11:03','2013-04-28 07:44:16','BELLAMPALLI',NULL,NULL,''),(333,'BHAGWAN DAS','LAHOTI',2,'9849706769','AJAYLAHOTI40@GMAIL.COM','$2a$10$VCsW/puQcq3iulSSN6b5BO5qtSH8XFPDc0JfjMQuPsperf.fsut6.','$2a$10$VCsW/puQcq3iulSSN6b5BO','Male','MJ333',0,0,0,0,1,NULL,NULL,NULL,'2013-04-28 07:12:54','2013-04-28 07:44:10','BELLAMPALLI',NULL,NULL,''),(334,'SEETA','LAHOTI',2,'9396222109','AJAYLAHOTI40@GMAIL.COM','$2a$10$XxyxluWwE3fsKt0BI/9Q2erS29JYs.9LaWD43XVe.JjQ8R3uV3xT6','$2a$10$XxyxluWwE3fsKt0BI/9Q2e','Female','MJ334',0,0,0,0,1,NULL,NULL,NULL,'2013-04-28 07:13:42','2013-04-28 07:44:03','BELLAMPALLI',NULL,NULL,''),(335,'GHANSHYAM DAS ','LAHOTI',2,'9441211301','AJAYLAHOTI40@GMAIL.COM','$2a$10$Of1Rk93PqBJa/5z4zIkb7uzbJiPNTp7Liu0sk5rCPPAKTUI1FtfYe','$2a$10$Of1Rk93PqBJa/5z4zIkb7u','Male','MJ335',0,0,0,0,1,NULL,NULL,NULL,'2013-04-28 07:14:35','2013-04-28 07:43:56','BELLAMPALLI',NULL,NULL,''),(336,'DAMODAR','LAHOTI',2,'9440013474','AJAYLAHOTI40@GMAIL.COM','$2a$10$IM16.HtnE6Sy73CYHcP3vOiNv8vhLlfjcCettmz4LLohZO77NxLWW','$2a$10$IM16.HtnE6Sy73CYHcP3vO','Male','MJ336',0,0,0,0,1,NULL,NULL,NULL,'2013-04-28 07:16:44','2013-04-28 07:43:50','BELLAMPALLI',NULL,NULL,''),(337,'BINDU','LAHOTI',2,'93993247046','AJAYLAHOTI40@GMAIL.COM','$2a$10$AoHuR3eUUwkOeQ4QxP6fAO8EuggrpPutt0OWNEA2Gnfu.9PXRMvwy','$2a$10$AoHuR3eUUwkOeQ4QxP6fAO','Female','MJ337',0,0,0,0,1,NULL,NULL,NULL,'2013-04-28 07:20:24','2013-04-28 07:43:43','BELLAMPALLI',NULL,NULL,''),(338,'SUSHMA','LAHOTI',2,'9533997199','AJAYLAHOTI40@GMAIL.COM','$2a$10$SDA145Jg3jGgbzjznLd.yeAj52dkB35I/JwsXPHDpDSU7PuKjann6','$2a$10$SDA145Jg3jGgbzjznLd.ye','Female','MJ338',0,0,0,0,1,NULL,NULL,NULL,'2013-04-28 07:20:54','2013-04-28 07:43:32','BELLAMPALLI',NULL,NULL,''),(339,'ANAND GOPAL','BHATTAD',2,'9951398181','AJAYLAHOTI40@GMAIL.COM','$2a$10$/QgUK1r4R.SL/llIi8J5le2w26wM2lzk.f93BakgGopd6i0SWJcse','$2a$10$/QgUK1r4R.SL/llIi8J5le','Male','MJ339',0,0,0,0,1,NULL,NULL,NULL,'2013-04-28 07:21:53','2013-04-28 07:43:10','HYDERABAD',NULL,NULL,''),(340,'MEENA ','BHATTAD',2,'7207612260','AJAYLAHOTI40@GMAIL.COM','$2a$10$xy5B5PPjC30DhnAFthFM.uOm1NQ3s4jzJmy8my7FKU.qiz78NSEfC','$2a$10$xy5B5PPjC30DhnAFthFM.u','Female','MJ340',0,0,0,0,1,NULL,NULL,NULL,'2013-04-28 07:22:39','2013-04-28 07:42:53','HYDERABAD',NULL,NULL,''),(341,'MANGAL GOPAL ','BHATTAD',2,'9298304762','AJAYLAHOTI40@GMAIL.COM','$2a$10$kK7xzNzbe6POns7WjUMeJ.kLJA1LM.eQddcGmhyFnxDWuJS3zzKLa','$2a$10$kK7xzNzbe6POns7WjUMeJ.','Male','MJ341',0,0,0,0,1,NULL,NULL,NULL,'2013-04-28 07:24:52','2013-04-28 07:53:22','HYDERABAD',NULL,NULL,''),(342,'MEENAKSHI','BHATTAD',2,'9291662517','AJAYLAHOTI40@GMAIL.COM','$2a$10$gG6ezxXpb1SsDIElT5Bx7udkYk4.Vlhd.JxNoV5MFQLYoUAEurxuG','$2a$10$gG6ezxXpb1SsDIElT5Bx7u','Female','MJ342',0,0,0,0,1,NULL,NULL,NULL,'2013-04-28 07:25:47','2013-04-28 07:53:07','HYDERABAD',NULL,NULL,''),(343,'SHANTA BAI','BHATTAD',2,'9030735884','AJAYLAHOTI40@GMAIL.COM','$2a$10$c4G5Z9YzOa54iPrLXWVT5u3kfR4IMV42ES/2MVjPXLU8xZfdr8Wie','$2a$10$c4G5Z9YzOa54iPrLXWVT5u','Female','MJ343',0,0,0,0,1,NULL,NULL,NULL,'2013-04-28 07:26:35','2013-04-28 07:53:00','HYDERABAD',NULL,NULL,''),(344,'LATE.MOHAN LAL','BHATTAD',2,'9030735884','AJAYLAHOTI40@GMAIL.COM','$2a$10$RnMm2s1BSaNmRFot4LDRzuWIpUdkYyX0/dyyA1uLARx8oEB5gwDWG','$2a$10$RnMm2s1BSaNmRFot4LDRzu','Male','MJ344',0,0,0,0,1,NULL,NULL,NULL,'2013-04-28 07:27:23','2013-04-28 07:52:49','HYDERABAD',NULL,NULL,''),(345,'LATE.CHAUTI BAI','LAHOTI',2,'08735-222409','AJAYLAHOTI40@GMAIL.COM','$2a$10$E1tBA2egnKjgQStmXOpT5.iImF9ecHl5oI0gP5nBPXe2MDz9zLmBq','$2a$10$E1tBA2egnKjgQStmXOpT5.','Female','MJ345',0,0,0,0,1,NULL,NULL,NULL,'2013-04-28 07:28:37','2013-04-28 07:52:36','BELLAMPALLI',NULL,NULL,''),(346,'LATE.SATYANARAYAN','LAHOTI',2,'08735-222409','AJAYLAHOTI40@GMAIL.COM','$2a$10$Vv/fYXTFOgGJTGAFXW7B6.JVvwz2eWC4tsiD5tDkvAEih/nd0UBbe','$2a$10$Vv/fYXTFOgGJTGAFXW7B6.','Male','MJ346',0,0,0,0,1,NULL,NULL,NULL,'2013-04-28 07:29:35','2013-04-28 07:52:30','BELLAMPALLI',NULL,NULL,''),(347,'GHANSHYAM ','TOSHNIWAL',2,'8888026549','AJAYLAHOTI40@GMAIL.COM','$2a$10$zED0F.BisqlBdQYby4wJmuJtC7WGlg7t50QLt5mTSj7izyIlEei1a','$2a$10$zED0F.BisqlBdQYby4wJmu','Male','MJ347',0,0,0,0,1,NULL,NULL,NULL,'2013-04-28 07:32:22','2013-04-28 07:52:16','HYDERABAD',NULL,NULL,''),(348,'PADMA','TOSHNIWAL',2,'8888026849','AJAYLAHOTI40@GMAIL.COM','$2a$10$CHHTAWCxsXruqvKib7.SQusgsQpby9arbXY/FOlWGtOCaFGVK60US','$2a$10$CHHTAWCxsXruqvKib7.SQu','Female','MJ348',0,0,0,0,1,NULL,NULL,NULL,'2013-04-28 07:33:17','2013-04-28 07:52:00','HYDERABAD',NULL,NULL,''),(349,'OM PRAKASH','JHAWAR',2,'9247315774','AJAYLAHOTI40@GMAIL.COM','$2a$10$9I/8ho.hNHVBocJb6rOuie7xtHuf7VnPJ4u4l.6iF9eXHWdlPXZgK','$2a$10$9I/8ho.hNHVBocJb6rOuie','Male','MJ349',0,0,0,0,1,NULL,NULL,NULL,'2013-04-28 07:34:26','2013-04-28 07:51:44','HYDERABAD',NULL,NULL,''),(350,'SARSWATI','JHAWAR',2,'9290633720','AJAYLAHOTI40@GMAIL.COM','$2a$10$BxssOgL2BkR2dPcwFjMptOv6UzJGgofjPOoHlQypgSj9w9ua3Ord2','$2a$10$BxssOgL2BkR2dPcwFjMptO','Female','MJ350',0,0,0,0,1,NULL,NULL,NULL,'2013-04-28 07:35:19','2013-04-28 07:51:20','HYDERABAD',NULL,NULL,''),(351,'MANOHAR ','KAKANI',2,'9391411924','AJAYLAHOTI40@GMAIL.COM','$2a$10$lUdPJTbNL9m/tXQ3kREAxuTjITVyQ9wJ1TcyoUmZlrVG3TcUE/4oO','$2a$10$lUdPJTbNL9m/tXQ3kREAxu','Male','MJ351',0,0,0,0,1,NULL,NULL,NULL,'2013-04-28 07:36:09','2013-04-28 07:51:07','HYDERABAD',NULL,NULL,''),(352,'GEETA','KAKANI',2,'8125079121','AJAYLAHOTI40@GMAIL.COM','$2a$10$QAxqPJjnrpEI.BhVxaqDpOl/AvHNv/YDIAFLjsAMGkqf6YZynxYDy','$2a$10$QAxqPJjnrpEI.BhVxaqDpO','Female','MJ352',0,0,0,0,1,NULL,NULL,NULL,'2013-04-28 07:36:47','2013-04-28 07:50:56','HYDERABAD',NULL,NULL,''),(353,'OM PRAKASH','KAKANI',2,'9247498056','AJAYLAHOTI40@GMAIL.COM','$2a$10$xYe.IWdF44Hnogn/ypDuq.avEttEdcgzjHWVQHEAUj.MInFyAtm9.','$2a$10$xYe.IWdF44Hnogn/ypDuq.','Male','MJ353',0,0,0,0,1,NULL,NULL,NULL,'2013-04-28 08:02:21','2013-04-28 08:08:29','HYDERABAD',NULL,NULL,''),(354,'TARA','KAKANI',2,'9247953038','AJAYLAHOTI40@GMAIL.COM','$2a$10$37wXB1y4CUWcYq28HxCCIe9neTktxiO80.UER/wd5hZYJhmSAWWbC','$2a$10$37wXB1y4CUWcYq28HxCCIe','Female','MJ354',0,0,0,0,1,NULL,NULL,NULL,'2013-04-28 08:03:05','2013-04-28 08:08:18','HYDERABAD',NULL,NULL,''),(355,'HANUMAN DAS','BAJAJ',2,'9959081780','AJAYLAHOTI40@GMAIL.COM','$2a$10$dufqhjpo.WHhLdFnVNlJ4ufOBUPefhKt5P5V932UjUWWgZrzgdsi.','$2a$10$dufqhjpo.WHhLdFnVNlJ4u','Male','MJ355',0,0,0,0,1,NULL,NULL,NULL,'2013-04-28 08:04:20','2013-04-28 08:08:07','HYDERABAD',NULL,NULL,''),(356,'SURYAKANTA','BAJAJ',2,'8143773690','AJAYLAHOTI40@GMAIL.COM','$2a$10$1oxIkzawU0VSu0PpKo4LQOLWbGujjFIcoMWTnXB3oHWexiuSJn0GG','$2a$10$1oxIkzawU0VSu0PpKo4LQO','Female','MJ356',0,0,0,0,1,NULL,NULL,NULL,'2013-04-28 08:06:08','2013-04-28 08:07:56','HYDERABAD',NULL,NULL,''),(357,'MAMTA','KABRA',2,'04065218915','mamta.kabra@gmail.com','$2a$10$SJ/rvNHQ4NJRsfOxbUQ/DuHLAN2q0UAQEaaxWLkAQIrt0VIgHQZSC','$2a$10$SJ/rvNHQ4NJRsfOxbUQ/Du','Female','MJ357',0,0,0,0,1,NULL,NULL,NULL,'2013-04-28 10:38:04','2013-04-28 10:42:26','HYDERABAD',NULL,NULL,''),(358,'MADHU','KABRA',2,'04065218915','mamta.kabra@gmail.com','$2a$10$6VfCdw70QRI.iQxr5C97CORr7wFh1Z75/gcA.7g3Pejeyvm1Z9lXC','$2a$10$6VfCdw70QRI.iQxr5C97CO','Female','MJ358',0,0,0,0,1,NULL,NULL,NULL,'2013-04-28 10:38:52','2013-04-28 10:40:44','HYDERABAD',NULL,NULL,''),(359,'SHIV PRASAD','KABRA',2,'09848889737','shivprasadkabra@gmail.com','$2a$10$i3tj0l59Ett81Z0caQHVWeY3gIDEpxN483Rwd1MEDJmtNydooKuZK','$2a$10$i3tj0l59Ett81Z0caQHVWe','Male','MJ359',0,0,0,0,1,NULL,NULL,NULL,'2013-04-28 10:54:04','2013-04-28 10:56:22','HYDERABAD',NULL,NULL,''),(360,'BIMLA DEVI','KABRA',2,'04065218915','shivprasadkabra@gmail.com','$2a$10$/7dY8crJiFSzbe.kAWYMxeJhEXMXYFpcQQqSafMj9FccGpo90uTCW','$2a$10$/7dY8crJiFSzbe.kAWYMxe','Female','MJ360',0,0,0,0,1,NULL,NULL,NULL,'2013-04-28 10:55:16','2013-04-28 10:59:28','HYDERABAD',NULL,NULL,''),(361,'SUDARSHAN','SIKCHI',2,'9881721042','sudarshansikchi5@gmail.com','$2a$10$17UyTX1ldOxv4eSw.xU6LOUKq2RB2N467Gv3VMqnh4QL1vF8bh4.m','$2a$10$17UyTX1ldOxv4eSw.xU6LO','Male','MJ361',0,0,0,0,1,'Photo0908.jpg','image/jpeg',1043622,'2013-04-28 16:15:07','2013-04-28 16:19:08','AURANGABAD','STUDENT','62, VISHNUNAGAR,\r\nAURANGABAD','26 June 1989'),(362,'ABHISHEK','RATHI',2,'08087324359','smartabhishek129@gmail.com','$2a$10$t6Ru0gwA3QaBIBgCjoPjVeeiSfQI6QveA9IxKgO4EtKKXplXUZtB.','$2a$10$t6Ru0gwA3QaBIBgCjoPjVe','Male','MJ362',0,0,0,0,1,'IMG-20130416-WA0008-1.jpg','image/jpeg',5491,'2013-04-29 08:01:15','2013-04-29 19:05:55','AMRAVATI','','','3/3/1998'),(363,'TULSIDAS','RATHI',2,'07212590204','smartabhishek129@gmail.com','$2a$10$jtztEjcCI9dRMNNovDFgrOapJyNEqjB78d1cgls1yQnK//rV.F7ba','$2a$10$jtztEjcCI9dRMNNovDFgrO','Male','MJ363',0,0,0,0,1,'Dadaji.jpg','image/jpeg',512232,'2013-04-29 10:41:35','2013-04-29 19:09:24','AMRAVATI','','',''),(364,'MOHINI','RATHI',2,'07212590204','smartabhishek129@gmail.com',NULL,NULL,'Female',NULL,0,0,0,0,1,NULL,NULL,NULL,'2013-04-29 10:47:04','2013-04-29 10:47:04','AMRAVATI',NULL,NULL,''),(365,'MOHINI','RATHI',2,'07212590204','smartabhishek129@gmail.com','$2a$10$/sk0sVKEnyB134OvwrenTO8tZ6GeRIL0towsWGlIQLdq6IAUqcv8a','$2a$10$/sk0sVKEnyB134OvwrenTO','Female','MJ365',0,0,0,0,1,NULL,NULL,NULL,'2013-04-29 10:50:45','2013-04-29 10:51:35','AMRAVATI',NULL,NULL,''),(366,'GOPAL','RATHI',2,'09823198700','smartabhishek129@gmail.com','$2a$10$9ajtvDYknpOl13YKz1ppIeP6ry.cpyYi2ceOmcisS04upXMhibuL.','$2a$10$9ajtvDYknpOl13YKz1ppIe','Male','MJ366',0,0,0,0,1,NULL,NULL,NULL,'2013-04-29 10:53:51','2013-04-29 11:12:27','AMRAVATI',NULL,NULL,''),(367,'SUNITA ','RATHI',2,'09422918844','smartabhishek129@gmail.com','$2a$10$yVflxIKycBLj2WiEN6XfO.RfBWKr3GSPKJivIb61f4fvDmz6X0Ugq','$2a$10$yVflxIKycBLj2WiEN6XfO.','Female','MJ367',0,0,0,0,1,NULL,NULL,NULL,'2013-04-29 10:58:52','2013-04-29 11:12:56','AMRAVATI',NULL,NULL,''),(368,'ASHOK ','RATHI',2,'09422857272','smartabhishek129@gmail.com','$2a$10$INpdULK4/OYYA3zffes4vusd7yrfcQT2NAF4amSCiKDKpSzsCSBva','$2a$10$INpdULK4/OYYA3zffes4vu','Male','MJ368',0,0,0,0,1,NULL,NULL,NULL,'2013-04-29 11:00:12','2013-04-29 11:13:16','AMRAVATI',NULL,NULL,''),(369,'CHAAYA','RATHI',2,'07212590204','smartabhishek129@gmail.com','$2a$10$QNnT3qlZPRjd4AkOp8IOZOz3yLiW89lvd0Sm5vRmN5XU2aFpIbbaa','$2a$10$QNnT3qlZPRjd4AkOp8IOZO','Female','MJ369',0,0,0,0,1,NULL,NULL,NULL,'2013-04-29 11:01:43','2013-04-29 11:13:35','AMRAVATI',NULL,NULL,''),(370,'MADHU','RATHI',2,'07212590204','smartabhishek129@gmail.com','$2a$10$LPUKeNvwcn/iwClzIxjccutmuSw/I/uIUy3CQ.TD22yaLzdNE0Qh2','$2a$10$LPUKeNvwcn/iwClzIxjccu','Male','MJ370',0,0,0,0,1,NULL,NULL,NULL,'2013-04-29 11:02:46','2013-04-29 11:13:57','AMRAVATI',NULL,NULL,''),(371,'MAYA','RATHI',2,'07212590204','smartabhishek129@gmail.com','$2a$10$rFRRfTPhjmhltl34hMDbbupfKKhPoiLC9Vb4NHBed5kit2ZLbjjeW','$2a$10$rFRRfTPhjmhltl34hMDbbu','Female','MJ371',0,0,0,0,1,NULL,NULL,NULL,'2013-04-29 11:03:35','2013-04-29 11:14:16','AMRAVATI',NULL,NULL,''),(372,'SAURABH','RATHI',2,'07212590204','smartabhishek129@gmail.com','$2a$10$Ap03rs.h6ptJpackfk6KZOtyXGmjPdmSyBFrT8sHx7br1lXp0qFu6','$2a$10$Ap03rs.h6ptJpackfk6KZO','Male','MJ372',0,0,0,0,1,NULL,NULL,NULL,'2013-04-29 11:04:12','2013-04-29 11:14:36','AMRAVATI',NULL,NULL,''),(373,'VENKATESH','RATHI',2,'07212590204','smartabhishek129@gmail.com','$2a$10$0u51xchh6ko3zxmxDXWE0uuX.t1NaK7owFpT95/9aMTJGDkTalFwG','$2a$10$0u51xchh6ko3zxmxDXWE0u','Male','MJ373',0,0,0,0,1,NULL,NULL,NULL,'2013-04-29 11:04:57','2013-04-29 11:14:54','AMRAVATI',NULL,NULL,''),(374,'SURBHI','RANDHAR',2,'07212590204','smartabhishek129@gmail.com',NULL,NULL,'Female',NULL,0,0,0,0,1,NULL,NULL,NULL,'2013-04-29 11:05:40','2013-04-29 11:05:40','AMRAVATI',NULL,NULL,''),(375,'SURBHI','RATHI',2,'07212590204','smartabhishek129@gmail.com','$2a$10$okuA2NpwxAZWlG/PKnE3T.aqLi8vUhtwuHxtSYZWX.6.I7fMmpFVW','$2a$10$okuA2NpwxAZWlG/PKnE3T.','Female','MJ375',0,0,0,0,1,NULL,NULL,NULL,'2013-04-29 11:06:11','2013-04-29 11:15:21','AMRAVATI',NULL,NULL,''),(376,'RAM','BAJAJ',2,'9676959540','bajaram@gmail.com','$2a$10$7qA4yZxQTjETAF5xCGy2x.fgTDVzh858J1lCl9VrK7djgPmNaCXQq','$2a$10$7qA4yZxQTjETAF5xCGy2x.','Male','MJ376',0,0,0,0,1,'20130428_190243.jpg','image/jpeg',560024,'2013-04-29 18:36:15','2013-04-30 04:04:58','HYDERABAD','BUSINESS','14-11-1039/5 NAI BASTI ,BEER BAN BAGH ,HYDERABAD -500012','02/04/1986'),(377,'JUGALKISHOR','MODANI',2,'09820147729','jmassociats@yahoo.com','$2a$10$LsHd9D9w2vkhbjoDNCAwYuusdwo/eOUGQwPXs3hKyMa2fVb.I8Ac.','$2a$10$LsHd9D9w2vkhbjoDNCAwYu','Male','MJ377',0,0,0,0,1,'Jugalkishor_S_Modani.jpg','image/jpeg',35666,'2013-05-01 09:39:04','2013-05-01 09:46:10','HYDERABAD','BUSINESS','MODANI NIWAS, PLOT NO.51&52, D V COLONY, P. G. ROAD, SECUNDERABAD - 500003, AP','23.11.1971');
/*!40000 ALTER TABLE `users` ENABLE KEYS */;
UNLOCK TABLES;
/*!40103 SET TIME_ZONE=@OLD_TIME_ZONE */;

/*!40101 SET SQL_MODE=@OLD_SQL_MODE */;
/*!40014 SET FOREIGN_KEY_CHECKS=@OLD_FOREIGN_KEY_CHECKS */;
/*!40014 SET UNIQUE_CHECKS=@OLD_UNIQUE_CHECKS */;
/*!40101 SET CHARACTER_SET_CLIENT=@OLD_CHARACTER_SET_CLIENT */;
/*!40101 SET CHARACTER_SET_RESULTS=@OLD_CHARACTER_SET_RESULTS */;
/*!40101 SET COLLATION_CONNECTION=@OLD_COLLATION_CONNECTION */;
/*!40111 SET SQL_NOTES=@OLD_SQL_NOTES */;

-- Dump completed on 2013-05-02  4:59:27
